block_id,seq,type,key,val
ADVANCE_ADV_INFANTRY_TACTICS,0,kv,Prerequisites,ADVANCE_MILITARY_TRADITION
ADVANCE_ADV_INFANTRY_TACTICS,1,kv,Prerequisites,ADVANCE_ADV_NAVAL_TACTICS
ADVANCE_ADV_INFANTRY_TACTICS,2,kv,Cost,85800
ADVANCE_ADV_INFANTRY_TACTICS,3,kv,Icon,ICON_ADVANCE_ADV_INFANTRY_TACTICS
ADVANCE_ADV_INFANTRY_TACTICS,4,kv,Branch,0
ADVANCE_ADV_INFANTRY_TACTICS,5,kv,Age,AGE_SIX
ADVANCE_ADV_NAVAL_TACTICS,0,kv,Prerequisites,ADVANCE_STEEL
ADVANCE_ADV_NAVAL_TACTICS,1,kv,Cost,68750
ADVANCE_ADV_NAVAL_TACTICS,2,kv,Icon,ICON_ADVANCE_ADV_NAVAL_TACTICS
ADVANCE_ADV_NAVAL_TACTICS,3,kv,Branch,0
ADVANCE_ADV_NAVAL_TACTICS,4,kv,Age,AGE_SIX
ADVANCE_ADV_URBAN_PLANNING,0,kv,Prerequisites,ADVANCE_MASS_TRANSIT
ADVANCE_ADV_URBAN_PLANNING,1,kv,Prerequisites,ADVANCE_MODERN_METALLURGY
ADVANCE_ADV_URBAN_PLANNING,2,kv,Cost,90890
ADVANCE_ADV_URBAN_PLANNING,3,kv,Icon,ICON_ADVANCE_ADV_URBAN_PLANNING
ADVANCE_ADV_URBAN_PLANNING,4,kv,Branch,0
ADVANCE_ADV_URBAN_PLANNING,5,kv,Age,AGE_SIX
ADVANCE_ADVANCED_COMPOSITES,0,kv,Prerequisites,ADVANCE_CONSERVATION
ADVANCE_ADVANCED_COMPOSITES,1,kv,Prerequisites,ADVANCE_SUPERSONIC_FLIGHT
ADVANCE_ADVANCED_COMPOSITES,2,kv,Cost,110950
ADVANCE_ADVANCED_COMPOSITES,3,kv,Icon,ICON_ADVANCE_ADVANCED_COMPOSITES
ADVANCE_ADVANCED_COMPOSITES,4,kv,Branch,0
ADVANCE_ADVANCED_COMPOSITES,5,kv,Age,AGE_SEVEN
ADVANCE_AERODYNAMICS,0,kv,Prerequisites,ADVANCE_FLIGHT
ADVANCE_AERODYNAMICS,1,kv,Cost,68710
ADVANCE_AERODYNAMICS,2,kv,Icon,ICON_ADVANCE_AERODYNAMICS
ADVANCE_AERODYNAMICS,3,kv,Branch,0
ADVANCE_AERODYNAMICS,4,kv,Age,AGE_SIX
ADVANCE_AGE_OF_REASON,0,kv,Prerequisites,ADVANCE_VERNACULAR_PROSE
ADVANCE_AGE_OF_REASON,1,kv,Prerequisites,ADVANCE_NATIONALISM
ADVANCE_AGE_OF_REASON,2,kv,Cost,30666
ADVANCE_AGE_OF_REASON,3,kv,Icon,ICON_ADVANCE_AGE_OF_REASON
ADVANCE_AGE_OF_REASON,4,kv,Branch,0
ADVANCE_AGE_OF_REASON,5,kv,Age,AGE_FOUR
ADVANCE_AGRICULTURAL_REVOLUTION,0,kv,Prerequisites,ADVANCE_DARK_AGES
ADVANCE_AGRICULTURAL_REVOLUTION,1,kv,Cost,25000
ADVANCE_AGRICULTURAL_REVOLUTION,2,kv,Icon,ICON_ADVANCE_AGRICULTURAL_REVOLUTION
ADVANCE_AGRICULTURAL_REVOLUTION,3,kv,Branch,0
ADVANCE_AGRICULTURAL_REVOLUTION,4,kv,Age,AGE_THREE
ADVANCE_AGRICULTURAL_REVOLUTION,5,kv,KeyAdvanceAdvice,KEY_GROWTH_ADVANCE_ADVICE
ADVANCE_AGRICULTURE,0,kv,Cost,330
ADVANCE_AGRICULTURE,1,kv,Icon,ICON_ADVANCE_AGRICULTURE
ADVANCE_AGRICULTURE,2,kv,Branch,0
ADVANCE_AGRICULTURE,3,kv,Age,AGE_ONE
ADVANCE_AI_SURVEILLANCE,0,kv,Prerequisites,ADVANCE_ARCOLOGIES
ADVANCE_AI_SURVEILLANCE,1,kv,Prerequisites,ADVANCE_ROBOTICS
ADVANCE_AI_SURVEILLANCE,2,kv,Cost,135840
ADVANCE_AI_SURVEILLANCE,3,kv,Icon,ICON_ADVANCE_AI_SURVEILLANCE
ADVANCE_AI_SURVEILLANCE,4,kv,Branch,0
ADVANCE_AI_SURVEILLANCE,5,kv,Age,AGE_SEVEN
ADVANCE_ALCHEMY,0,kv,Prerequisites,ADVANCE_BALLISTICS
ADVANCE_ALCHEMY,1,kv,Prerequisites,ADVANCE_PYTHAGORAS_THEORUM
ADVANCE_ALCHEMY,2,kv,Cost,5016
ADVANCE_ALCHEMY,3,kv,Icon,ICON_ADVANCE_ALCHEMY
ADVANCE_ALCHEMY,4,kv,Branch,0
ADVANCE_ALCHEMY,5,kv,Age,AGE_TWO
ADVANCE_ANIMAL_HUSBANDRY,0,kv,Prerequisites,ADVANCE_IRON_WORKING
ADVANCE_ANIMAL_HUSBANDRY,1,kv,Prerequisites,ADVANCE_HORSE_ARMOR
ADVANCE_ANIMAL_HUSBANDRY,2,kv,Cost,10941
ADVANCE_ANIMAL_HUSBANDRY,3,kv,Icon,ICON_ADVANCE_ANIMAL_HUSBANDRY
ADVANCE_ANIMAL_HUSBANDRY,4,kv,Branch,0
ADVANCE_ANIMAL_HUSBANDRY,5,kv,Age,AGE_TWO
ADVANCE_APPLIED_MATH,0,kv,Prerequisites,ADVANCE_ASTRONOMY
ADVANCE_APPLIED_MATH,1,kv,Cost,810
ADVANCE_APPLIED_MATH,2,kv,Icon,ICON_ADVANCE_APPLIED_MATH
ADVANCE_APPLIED_MATH,3,kv,Branch,0
ADVANCE_APPLIED_MATH,4,kv,Age,AGE_ONE
ADVANCE_AQUEDUCTS,0,kv,Prerequisites,ADVANCE_GRANARIES
ADVANCE_AQUEDUCTS,1,kv,Prerequisites,ADVANCE_MASONRY
ADVANCE_AQUEDUCTS,2,kv,Cost,5250
ADVANCE_AQUEDUCTS,3,kv,Icon,ICON_ADVANCE_AQUEDUCTS
ADVANCE_AQUEDUCTS,4,kv,Branch,0
ADVANCE_AQUEDUCTS,5,kv,Age,AGE_TWO
ADVANCE_ARCHERY,0,kv,Prerequisites,ADVANCE_PROJECTILE_WEAPONS
ADVANCE_ARCHERY,1,kv,Prerequisites,ADVANCE_BRONZE_WORKING
ADVANCE_ARCHERY,2,kv,Cost,2820
ADVANCE_ARCHERY,3,kv,Icon,ICON_ADVANCE_ARCHERY
ADVANCE_ARCHERY,4,kv,Branch,0
ADVANCE_ARCHERY,5,kv,Age,AGE_TWO
ADVANCE_ARCHITECTURE,0,kv,Prerequisites,ADVANCE_APPLIED_MATH
ADVANCE_ARCHITECTURE,1,kv,Prerequisites,ADVANCE_BRICK_MAKING
ADVANCE_ARCHITECTURE,2,kv,Cost,2421
ADVANCE_ARCHITECTURE,3,kv,Icon,ICON_ADVANCE_ARCHITECTURE
ADVANCE_ARCHITECTURE,4,kv,Branch,0
ADVANCE_ARCHITECTURE,5,kv,Age,AGE_ONE
ADVANCE_ARCOLOGIES,0,kv,Prerequisites,ADVANCE_ADV_URBAN_PLANNING
ADVANCE_ARCOLOGIES,1,kv,Prerequisites,ADVANCE_ADVANCED_COMPOSITES
ADVANCE_ARCOLOGIES,2,kv,Cost,120920
ADVANCE_ARCOLOGIES,3,kv,Icon,ICON_ADVANCE_ARCOLOGIES
ADVANCE_ARCOLOGIES,4,kv,Branch,0
ADVANCE_ARCOLOGIES,5,kv,Age,AGE_SEVEN
ADVANCE_ARISTOCRACY,0,kv,Prerequisites,ADVANCE_PROJECTILE_WEAPONS
ADVANCE_ARISTOCRACY,1,kv,Prerequisites,ADVANCE_CHARIOTS
ADVANCE_ARISTOCRACY,2,kv,Cost,2633
ADVANCE_ARISTOCRACY,3,kv,Icon,ICON_ADVANCE_ARISTOCRACY
ADVANCE_ARISTOCRACY,4,kv,Branch,0
ADVANCE_ARISTOCRACY,5,kv,Age,AGE_ONE
ADVANCE_ASTROLABE,0,kv,Prerequisites,ADVANCE_COMPASS
ADVANCE_ASTROLABE,1,kv,Prerequisites,ADVANCE_GREEK_FIRE
ADVANCE_ASTROLABE,2,kv,Cost,24060
ADVANCE_ASTROLABE,3,kv,Icon,ICON_ADVANCE_ASTROLABE
ADVANCE_ASTROLABE,4,kv,Branch,0
ADVANCE_ASTROLABE,5,kv,Age,AGE_THREE
ADVANCE_ASTRONOMY,0,kv,Prerequisites,ADVANCE_RELIGION
ADVANCE_ASTRONOMY,1,kv,Cost,500
ADVANCE_ASTRONOMY,2,kv,Icon,ICON_ADVANCE_ASTRONOMY
ADVANCE_ASTRONOMY,3,kv,Branch,0
ADVANCE_ASTRONOMY,4,kv,Age,AGE_ONE
ADVANCE_BALLISTA_TOWERS,0,kv,Prerequisites,ADVANCE_MASONRY
ADVANCE_BALLISTA_TOWERS,1,kv,Prerequisites,ADVANCE_BALLISTICS
ADVANCE_BALLISTA_TOWERS,2,kv,Cost,4847
ADVANCE_BALLISTA_TOWERS,3,kv,Icon,ICON_ADVANCE_BALLISTA_TOWERS
ADVANCE_BALLISTA_TOWERS,4,kv,Branch,0
ADVANCE_BALLISTA_TOWERS,5,kv,Age,AGE_TWO
ADVANCE_BALLISTICS,0,kv,Prerequisites,ADVANCE_COMPOSITE_BOW
ADVANCE_BALLISTICS,1,kv,Prerequisites,ADVANCE_WOOD_WORKING
ADVANCE_BALLISTICS,2,kv,Cost,7880
ADVANCE_BALLISTICS,3,kv,Icon,ICON_ADVANCE_BALLISTICS
ADVANCE_BALLISTICS,4,kv,Branch,0
ADVANCE_BALLISTICS,5,kv,Age,AGE_TWO
ADVANCE_BANKING,0,kv,Prerequisites,ADVANCE_CHIVALRY
ADVANCE_BANKING,1,kv,Prerequisites,ADVANCE_MILLS
ADVANCE_BANKING,2,kv,Cost,26710
ADVANCE_BANKING,3,kv,Icon,ICON_ADVANCE_BANKING
ADVANCE_BANKING,4,kv,Branch,0
ADVANCE_BANKING,5,kv,Age,AGE_THREE
ADVANCE_BARRACKS,0,kv,Prerequisites,ADVANCE_PHILOSOPHY
ADVANCE_BARRACKS,1,kv,Prerequisites,ADVANCE_METAL_WORKING
ADVANCE_BARRACKS,2,kv,Cost,5200
ADVANCE_BARRACKS,3,kv,Icon,ICON_ADVANCE_BARRACKS
ADVANCE_BARRACKS,4,kv,Branch,0
ADVANCE_BARRACKS,5,kv,Age,AGE_TWO
ADVANCE_BLACK_SMITH,0,kv,Prerequisites,ADVANCE_DARK_AGES
ADVANCE_BLACK_SMITH,1,kv,Cost,24000
ADVANCE_BLACK_SMITH,2,kv,Icon,ICON_ADVANCE_BLACK_SMITH
ADVANCE_BLACK_SMITH,3,kv,Branch,0
ADVANCE_BLACK_SMITH,4,kv,Age,AGE_THREE
ADVANCE_BRICK_MAKING,0,kv,Prerequisites,ADVANCE_STONE_WORKING
ADVANCE_BRICK_MAKING,1,kv,Prerequisites,ADVANCE_SLAVE_LABOR
ADVANCE_BRICK_MAKING,2,kv,Cost,550
ADVANCE_BRICK_MAKING,3,kv,Icon,ICON_ADVANCE_BRICK_MAKING
ADVANCE_BRICK_MAKING,4,kv,Branch,0
ADVANCE_BRICK_MAKING,5,kv,Age,AGE_ONE
ADVANCE_BRONZE_WORKING,0,kv,Prerequisites,ADVANCE_COPPER_SMELTING
ADVANCE_BRONZE_WORKING,1,kv,Cost,1800
ADVANCE_BRONZE_WORKING,2,kv,Icon,ICON_ADVANCE_BRONZE_WORKING
ADVANCE_BRONZE_WORKING,3,kv,Branch,0
ADVANCE_BRONZE_WORKING,4,kv,Age,AGE_TWO
ADVANCE_BUREAUCRACY,0,kv,Prerequisites,ADVANCE_OLIGARCHY
ADVANCE_BUREAUCRACY,1,kv,Prerequisites,ADVANCE_JURISPRUDENCE
ADVANCE_BUREAUCRACY,2,kv,Cost,9970
ADVANCE_BUREAUCRACY,3,kv,Icon,ICON_ADVANCE_BUREAUCRACY
ADVANCE_BUREAUCRACY,4,kv,Branch,0
ADVANCE_BUREAUCRACY,5,kv,Age,AGE_TWO
ADVANCE_CALIPHATE,0,kv,Prerequisites,ADVANCE_CALIPHATEA
ADVANCE_CALIPHATE,1,kv,Prerequisites,ADVANCE_DARK_AGES
ADVANCE_CALIPHATE,2,kv,Cost,35000
ADVANCE_CALIPHATE,3,kv,Icon,ICON_ADVANCE_CALIPHATE
ADVANCE_CALIPHATE,4,kv,Branch,0
ADVANCE_CALIPHATE,5,kv,Age,AGE_THREE
ADVANCE_CANNON_MAKING,0,kv,Prerequisites,ADVANCE_GUNPOWDER
ADVANCE_CANNON_MAKING,1,kv,Prerequisites,ADVANCE_MACHINE_TOOLS
ADVANCE_CANNON_MAKING,2,kv,Cost,38130
ADVANCE_CANNON_MAKING,3,kv,Icon,ICON_ADVANCE_CANNON_MAKING
ADVANCE_CANNON_MAKING,4,kv,Branch,0
ADVANCE_CANNON_MAKING,5,kv,Age,AGE_FOUR
ADVANCE_CAVALRY_TACTICS,0,kv,Prerequisites,ADVANCE_CHIVALRY
ADVANCE_CAVALRY_TACTICS,1,kv,Prerequisites,ADVANCE_FLINTLOCK
ADVANCE_CAVALRY_TACTICS,2,kv,Cost,48997
ADVANCE_CAVALRY_TACTICS,3,kv,Icon,ICON_ADVANCE_CAVALRY_TACTICS
ADVANCE_CAVALRY_TACTICS,4,kv,Branch,0
ADVANCE_CAVALRY_TACTICS,5,kv,Age,AGE_FOUR
ADVANCE_CEREMONIAL_BURIAL,0,kv,Prerequisites,ADVANCE_RELIGION
ADVANCE_CEREMONIAL_BURIAL,1,kv,Cost,440
ADVANCE_CEREMONIAL_BURIAL,2,kv,Icon,ICON_ADVANCE_CEREMONIAL_BURIAL
ADVANCE_CEREMONIAL_BURIAL,3,kv,Branch,0
ADVANCE_CEREMONIAL_BURIAL,4,kv,Age,AGE_ONE
ADVANCE_CHAOS_THEORY,0,kv,Prerequisites,ADVANCE_COMPUTER
ADVANCE_CHAOS_THEORY,1,kv,Prerequisites,ADVANCE_TECHNOCRACY
ADVANCE_CHAOS_THEORY,2,kv,Cost,150720
ADVANCE_CHAOS_THEORY,3,kv,Icon,ICON_ADVANCE_CHAOS_THEORY
ADVANCE_CHAOS_THEORY,4,kv,Branch,0
ADVANCE_CHAOS_THEORY,5,kv,Age,AGE_EIGHT
ADVANCE_CHAIN_MAIL,0,kv,Prerequisites,ADVANCE_BLACK_SMITH
ADVANCE_CHAIN_MAIL,1,kv,Cost,25000
ADVANCE_CHAIN_MAIL,2,kv,Icon,ICON_ADVANCE_CHAIN_MAIL
ADVANCE_CHAIN_MAIL,3,kv,Branch,0
ADVANCE_CHAIN_MAIL,4,kv,Age,AGE_THREE
ADVANCE_CHARIOTS,0,kv,Prerequisites,ADVANCE_HORSE_RIDING
ADVANCE_CHARIOTS,1,kv,Prerequisites,ADVANCE_WHEEL
ADVANCE_CHARIOTS,2,kv,Cost,2633
ADVANCE_CHARIOTS,3,kv,Icon,ICON_ADVANCE_CHARIOTS
ADVANCE_CHARIOTS,4,kv,Branch,0
ADVANCE_CHARIOTS,5,kv,Age,AGE_ONE
ADVANCE_CHEMISTRY,0,kv,Prerequisites,ADVANCE_OPTICS
ADVANCE_CHEMISTRY,1,kv,Prerequisites,ADVANCE_ALCHEMY
ADVANCE_CHEMISTRY,2,kv,Cost,27913
ADVANCE_CHEMISTRY,3,kv,Icon,ICON_ADVANCE_CHEMISTRY
ADVANCE_CHEMISTRY,4,kv,Branch,0
ADVANCE_CHEMISTRY,5,kv,Age,AGE_FOUR
ADVANCE_CHIVALRY,0,kv,Prerequisites,ADVANCE_FEUDALISM
ADVANCE_CHIVALRY,1,kv,Prerequisites,ADVANCE_CHAIN_MAIL
ADVANCE_CHIVALRY,2,kv,Cost,25830
ADVANCE_CHIVALRY,3,kv,Icon,ICON_ADVANCE_CHIVALRY
ADVANCE_CHIVALRY,4,kv,Branch,0
ADVANCE_CHIVALRY,5,kv,Age,AGE_TWO
ADVANCE_CHRISTIANITY,0,kv,Prerequisites,ADVANCE_ETHICS
ADVANCE_CHRISTIANITY,1,kv,Prerequisites,ADVANCE_MONOTHEISM
ADVANCE_CHRISTIANITY,2,kv,Cost,13931
ADVANCE_CHRISTIANITY,3,kv,Icon,ICON_ADVANCE_CHRISTIANITY
ADVANCE_CHRISTIANITY,4,kv,Branch,0
ADVANCE_CHRISTIANITY,5,kv,Age,AGE_TWO
ADVANCE_CHRONOMETER,0,kv,Prerequisites,ADVANCE_ASTROLABE
ADVANCE_CHRONOMETER,1,kv,Prerequisites,ADVANCE_CANNON_MAKING
ADVANCE_CHRONOMETER,2,kv,Cost,38920
ADVANCE_CHRONOMETER,3,kv,Icon,ICON_ADVANCE_CHRONOMETER
ADVANCE_CHRONOMETER,4,kv,Branch,0
ADVANCE_CHRONOMETER,5,kv,Age,AGE_FOUR
ADVANCE_CITIZENSHIP,0,kv,Prerequisites,ADVANCE_JURISPRUDENCE
ADVANCE_CITIZENSHIP,1,kv,Prerequisites,ADVANCE_METAL_WORKING
ADVANCE_CITIZENSHIP,2,kv,Cost,1800
ADVANCE_CITIZENSHIP,3,kv,Icon,ICON_ADVANCE_CITIZENSHIP
ADVANCE_CITIZENSHIP,4,kv,Branch,0
ADVANCE_CITIZENSHIP,5,kv,Age,AGE_ONE
ADVANCE_CITY_STATE,0,kv,Prerequisites,ADVANCE_JURISPRUDENCE
ADVANCE_CITY_STATE,1,kv,Prerequisites,ADVANCE_CITIZENSHIP
ADVANCE_CITY_STATE,2,kv,Cost,4800
ADVANCE_CITY_STATE,3,kv,Icon,ICON_ADVANCE_CITY_STATE
ADVANCE_CITY_STATE,4,kv,Branch,0
ADVANCE_CITY_STATE,5,kv,Age,AGE_ONE
ADVANCE_CIVIC_ENGINEERING,0,kv,Prerequisites,ADVANCE_PLUMBING
ADVANCE_CIVIC_ENGINEERING,1,kv,Prerequisites,ADVANCE_HULL_MAKING
ADVANCE_CIVIC_ENGINEERING,2,kv,Cost,16960
ADVANCE_CIVIC_ENGINEERING,3,kv,Icon,ICON_ADVANCE_CIVIC_ENGINEERING
ADVANCE_CIVIC_ENGINEERING,4,kv,Branch,0
ADVANCE_CIVIC_ENGINEERING,5,kv,Age,AGE_TWO
ADVANCE_CLASSICAL_EDUCATION,0,kv,Prerequisites,ADVANCE_GOTHIC_ARCHITECTURE
ADVANCE_CLASSICAL_EDUCATION,1,kv,Cost,22189
ADVANCE_CLASSICAL_EDUCATION,2,kv,Icon,ICON_ADVANCE_CLASSICAL_EDUCATION
ADVANCE_CLASSICAL_EDUCATION,3,kv,Branch,0
ADVANCE_CLASSICAL_EDUCATION,4,kv,Age,AGE_THREE
ADVANCE_CLASSICAL_EDUCATION,5,kv,KeyAdvanceAdvice,KEY_SCIENCE_ADVANCE_ADVICE
ADVANCE_COMMUNISM,0,kv,Prerequisites,ADVANCE_ECONOMICS
ADVANCE_COMMUNISM,1,kv,Prerequisites,ADVANCE_INDUSTRIAL_REVOLUTION
ADVANCE_COMMUNISM,2,kv,Cost,59124
ADVANCE_COMMUNISM,3,kv,Icon,ICON_ADVANCE_COMMUNISM
ADVANCE_COMMUNISM,4,kv,Branch,0
ADVANCE_COMMUNISM,5,kv,Age,AGE_FIVE
ADVANCE_COMPASS,0,kv,Prerequisites,ADVANCE_OCEAN_FARING
ADVANCE_COMPASS,1,kv,Cost,19380
ADVANCE_COMPASS,2,kv,Icon,ICON_ADVANCE_COMPASS
ADVANCE_COMPASS,3,kv,Branch,0
ADVANCE_COMPASS,4,kv,Age,AGE_THREE
ADVANCE_COMPOSITE_BOW,0,kv,Prerequisites,ADVANCE_ARCHERY
ADVANCE_COMPOSITE_BOW,1,kv,Prerequisites,ADVANCE_DIAGONAL_BRACE
ADVANCE_COMPOSITE_BOW,2,kv,Cost,8225
ADVANCE_COMPOSITE_BOW,3,kv,Icon,ICON_ADVANCE_COMPOSITE_BOW
ADVANCE_COMPOSITE_BOW,4,kv,Branch,0
ADVANCE_COMPOSITE_BOW,5,kv,Age,AGE_TWO
ADVANCE_COMPUTER,0,kv,Prerequisites,ADVANCE_CORPORATE_REPUBLIC
ADVANCE_COMPUTER,1,kv,Prerequisites,ADVANCE_ELECTRICITY
ADVANCE_COMPUTER,2,kv,Cost,85110
ADVANCE_COMPUTER,3,kv,Icon,ICON_ADVANCE_COMPUTER
ADVANCE_COMPUTER,4,kv,Branch,0
ADVANCE_COMPUTER,5,kv,Age,AGE_SEVEN
ADVANCE_COMPUTER,6,kv,TriggerFeat,FEAT_ADVANCE_COMPUTERS
ADVANCE_CONCRETE,0,kv,Prerequisites,ADVANCE_BALLISTA_TOWERS
ADVANCE_CONCRETE,1,kv,Prerequisites,ADVANCE_AQUEDUCTS
ADVANCE_CONCRETE,2,kv,Cost,8370
ADVANCE_CONCRETE,3,kv,Icon,ICON_ADVANCE_CONCRETE
ADVANCE_CONCRETE,4,kv,Branch,0
ADVANCE_CONCRETE,5,kv,Age,AGE_TWO
ADVANCE_CONCRETE,6,kv,TriggerFeat,FEAT_ADVANCE_CONCRETE
ADVANCE_CONSERVATION,0,kv,Prerequisites,ADVANCE_GLOBAL_ECONOMICS
ADVANCE_CONSERVATION,1,kv,Prerequisites,ADVANCE_MASS_TRANSIT
ADVANCE_CONSERVATION,2,kv,Cost,80270
ADVANCE_CONSERVATION,3,kv,Icon,ICON_ADVANCE_CONSERVATION
ADVANCE_CONSERVATION,4,kv,Branch,0
ADVANCE_CONSERVATION,5,kv,Age,AGE_SIX
ADVANCE_COPPER_SMELTING,0,kv,Prerequisites,ADVANCE_MINING
ADVANCE_COPPER_SMELTING,1,kv,Prerequisites,ADVANCE_TRIBES
ADVANCE_COPPER_SMELTING,2,kv,Cost,1800
ADVANCE_COPPER_SMELTING,3,kv,Icon,ICON_ADVANCE_COPPER_SMELTING
ADVANCE_COPPER_SMELTING,4,kv,Branch,0
ADVANCE_COPPER_SMELTING,5,kv,Age,AGE_ONE
ADVANCE_CORPORATE_REPUBLIC,0,kv,Prerequisites,ADVANCE_CORPORATION
ADVANCE_CORPORATE_REPUBLIC,1,kv,Prerequisites,ADVANCE_CRIMINAL_CODE
ADVANCE_CORPORATE_REPUBLIC,2,kv,Cost,95270
ADVANCE_CORPORATE_REPUBLIC,3,kv,Icon,ICON_ADVANCE_CORPORATE_REPUBLIC
ADVANCE_CORPORATE_REPUBLIC,4,kv,Branch,0
ADVANCE_CORPORATE_REPUBLIC,5,kv,Age,AGE_SIX
ADVANCE_CORPORATION,0,kv,Prerequisites,ADVANCE_MASS_MEDIA
ADVANCE_CORPORATION,1,kv,Prerequisites,ADVANCE_MASS_PRODUCTION
ADVANCE_CORPORATION,2,kv,Cost,75670
ADVANCE_CORPORATION,3,kv,Icon,ICON_ADVANCE_CORPORATION
ADVANCE_CORPORATION,4,kv,Branch,0
ADVANCE_CORPORATION,5,kv,Age,AGE_SIX
ADVANCE_COSMOLOGY,0,kv,Prerequisites,ADVANCE_APPLIED_MATH
ADVANCE_COSMOLOGY,1,kv,Prerequisites,ADVANCE_PHILOSOPHY
ADVANCE_COSMOLOGY,2,kv,Cost,3843
ADVANCE_COSMOLOGY,3,kv,Icon,ICON_ADVANCE_COSMOLOGY
ADVANCE_COSMOLOGY,4,kv,Branch,0
ADVANCE_COSMOLOGY,5,kv,Age,AGE_TWO
ADVANCE_CRIMINAL_CODE,0,kv,Prerequisites,ADVANCE_MASS_MEDIA
ADVANCE_CRIMINAL_CODE,1,kv,Prerequisites,ADVANCE_NATIONALISM
ADVANCE_CRIMINAL_CODE,2,kv,Cost,78240
ADVANCE_CRIMINAL_CODE,3,kv,Icon,ICON_ADVANCE_CRIMINAL_CODE
ADVANCE_CRIMINAL_CODE,4,kv,Branch,0
ADVANCE_CRIMINAL_CODE,5,kv,Age,AGE_SIX
ADVANCE_CROSSBOW,0,kv,Prerequisites,ADVANCE_FEUDALISM
ADVANCE_CROSSBOW,1,kv,Cost,21649
ADVANCE_CROSSBOW,2,kv,Icon,ICON_ADVANCE_CROSSBOW
ADVANCE_CROSSBOW,3,kv,Branch,0
ADVANCE_CROSSBOW,4,kv,Age,AGE_THREE
ADVANCE_CURRENCY,0,kv,Prerequisites,ADVANCE_TRADE
ADVANCE_CURRENCY,1,kv,Prerequisites,ADVANCE_COPPER_SMELTING
ADVANCE_CURRENCY,2,kv,Cost,2219
ADVANCE_CURRENCY,3,kv,Icon,ICON_ADVANCE_CURRENCY
ADVANCE_CURRENCY,4,kv,Branch,0
ADVANCE_CURRENCY,5,kv,Age,AGE_ONE
ADVANCE_CYBERNETICS,0,kv,Prerequisites,ADVANCE_EUGENICS
ADVANCE_CYBERNETICS,1,kv,Prerequisites,ADVANCE_NEURAL_INTERFACE
ADVANCE_CYBERNETICS,2,kv,Cost,172230
ADVANCE_CYBERNETICS,3,kv,Icon,ICON_ADVANCE_CYBERNETICS
ADVANCE_CYBERNETICS,4,kv,Branch,0
ADVANCE_CYBERNETICS,5,kv,Age,AGE_EIGHT
ADVANCE_DARK_AGES,0,kv,Prerequisites,ADVANCE_STIRRUP
ADVANCE_DARK_AGES,1,kv,Cost,70000
ADVANCE_DARK_AGES,2,kv,Icon,ICON_ADVANCE_DARK_AGES
ADVANCE_DARK_AGES,3,kv,Branch,0
ADVANCE_DARK_AGES,4,kv,Age,AGE_THREE
ADVANCE_DEMOCRACY,0,kv,Prerequisites,ADVANCE_NATIONALISM
ADVANCE_DEMOCRACY,1,kv,Prerequisites,ADVANCE_CANNON_MAKING
ADVANCE_DEMOCRACY,2,kv,Cost,60000
ADVANCE_DEMOCRACY,3,kv,Icon,ICON_ADVANCE_DEMOCRACY
ADVANCE_DEMOCRACY,4,kv,Branch,0
ADVANCE_DEMOCRACY,5,kv,Age,AGE_FOUR
ADVANCE_DIAGONAL_BRACE,0,kv,Prerequisites,ADVANCE_DRAMA
ADVANCE_DIAGONAL_BRACE,1,kv,Prerequisites,ADVANCE_APPLIED_MATH
ADVANCE_DIAGONAL_BRACE,2,kv,Cost,5000
ADVANCE_DIAGONAL_BRACE,3,kv,Icon,ICON_ADVANCE_DIAGONAL_BRACE
ADVANCE_DIAGONAL_BRACE,4,kv,Branch,0
ADVANCE_DIAGONAL_BRACE,5,kv,Age,AGE_TWO
ADVANCE_DICTATORSHIP,0,kv,Prerequisites,ADVANCE_REPUBLIC
ADVANCE_DICTATORSHIP,1,kv,Prerequisites,ADVANCE_IRON_WORKING
ADVANCE_DICTATORSHIP,2,kv,Cost,12491
ADVANCE_DICTATORSHIP,3,kv,Icon,ICON_ADVANCE_DICTATORSHIP
ADVANCE_DICTATORSHIP,4,kv,Branch,0
ADVANCE_DICTATORSHIP,5,kv,Age,AGE_TWO
ADVANCE_DIGITAL_ENCRYPTION,0,kv,Prerequisites,ADVANCE_ARCOLOGIES
ADVANCE_DIGITAL_ENCRYPTION,1,kv,Prerequisites,ADVANCE_GLOBAL_COMMUNICATIONS
ADVANCE_DIGITAL_ENCRYPTION,2,kv,Cost,130800
ADVANCE_DIGITAL_ENCRYPTION,3,kv,Icon,ICON_ADVANCE_DIGITAL_ENCRYPTION
ADVANCE_DIGITAL_ENCRYPTION,4,kv,Branch,0
ADVANCE_DIGITAL_ENCRYPTION,5,kv,Age,AGE_SEVEN
ADVANCE_DOMESTICATION,0,kv,Prerequisites,ADVANCE_AGRICULTURE
ADVANCE_DOMESTICATION,1,kv,Cost,475
ADVANCE_DOMESTICATION,2,kv,Icon,ICON_ADVANCE_DOMESTICATION
ADVANCE_DOMESTICATION,3,kv,Branch,0
ADVANCE_DOMESTICATION,4,kv,Age,AGE_ONE
ADVANCE_DRAMA,0,kv,Prerequisites,ADVANCE_MONOTHEISM
ADVANCE_DRAMA,1,kv,Prerequisites,ADVANCE_WRITING
ADVANCE_DRAMA,2,kv,Cost,2200
ADVANCE_DRAMA,3,kv,Icon,ICON_ADVANCE_DRAMA
ADVANCE_DRAMA,4,kv,Branch,0
ADVANCE_DRAMA,5,kv,Age,AGE_ONE
ADVANCE_DYNASTIC_EMPIRE,0,kv,Prerequisites,ADVANCE_DYNEMPIRE
ADVANCE_DYNASTIC_EMPIRE,1,kv,Prerequisites,ADVANCE_DARK_AGES
ADVANCE_DYNASTIC_EMPIRE,2,kv,Cost,30000
ADVANCE_DYNASTIC_EMPIRE,3,kv,Icon,ICON_ADVANCE_DYNASTIC_EMPIRE
ADVANCE_DYNASTIC_EMPIRE,4,kv,Branch,0
ADVANCE_DYNASTIC_EMPIRE,5,kv,Age,AGE_THREE
ADVANCE_DYNASTY,0,kv,Prerequisites,ADVANCE_WRITING
ADVANCE_DYNASTY,1,kv,Prerequisites,ADVANCE_RELIGION
ADVANCE_DYNASTY,2,kv,Cost,1000
ADVANCE_DYNASTY,3,kv,Icon,ICON_ADVANCE_DYNASTY
ADVANCE_DYNASTY,4,kv,Branch,0
ADVANCE_DYNASTY,5,kv,Age,AGE_ONE
ADVANCE_ECONOMICS,0,kv,Prerequisites,ADVANCE_TRADE_GUILDS
ADVANCE_ECONOMICS,1,kv,Prerequisites,ADVANCE_DEMOCRACY
ADVANCE_ECONOMICS,2,kv,Cost,55367
ADVANCE_ECONOMICS,3,kv,Icon,ICON_ADVANCE_ECONOMICS
ADVANCE_ECONOMICS,4,kv,Branch,0
ADVANCE_ECONOMICS,5,kv,Age,AGE_FOUR
ADVANCE_ECOTOPIA,0,kv,Prerequisites,ADVANCE_NANO_MACHINES
ADVANCE_ECOTOPIA,1,kv,Prerequisites,ADVANCE_VIRTUAL_DEMOCRACY
ADVANCE_ECOTOPIA,2,kv,Cost,160140
ADVANCE_ECOTOPIA,3,kv,Icon,ICON_ADVANCE_ECOTOPIA
ADVANCE_ECOTOPIA,4,kv,Branch,0
ADVANCE_ECOTOPIA,5,kv,Age,AGE_NINE
ADVANCE_ELECTRICITY,0,kv,Prerequisites,ADVANCE_LIBERALISM
ADVANCE_ELECTRICITY,1,kv,Cost,49430
ADVANCE_ELECTRICITY,2,kv,Icon,ICON_ADVANCE_ELECTRICITY
ADVANCE_ELECTRICITY,3,kv,Branch,0
ADVANCE_ELECTRICITY,4,kv,Age,AGE_FIVE
ADVANCE_ETHICS,0,kv,Prerequisites,ADVANCE_REPUBLIC
ADVANCE_ETHICS,1,kv,Prerequisites,ADVANCE_JURISPRUDENCE
ADVANCE_ETHICS,2,kv,Cost,9976
ADVANCE_ETHICS,3,kv,Icon,ICON_ADVANCE_ETHICS
ADVANCE_ETHICS,4,kv,Branch,0
ADVANCE_ETHICS,5,kv,Age,AGE_TWO
ADVANCE_EUGENICS,0,kv,Prerequisites,ADVANCE_CHAOS_THEORY
ADVANCE_EUGENICS,1,kv,Prerequisites,ADVANCE_GENETICS
ADVANCE_EUGENICS,2,kv,Cost,170680
ADVANCE_EUGENICS,3,kv,Icon,ICON_ADVANCE_EUGENICS
ADVANCE_EUGENICS,4,kv,Branch,0
ADVANCE_EUGENICS,5,kv,Age,AGE_EIGHT
ADVANCE_EXPLOSIVES,0,kv,Prerequisites,ADVANCE_REPLACEABLE_PARTS
ADVANCE_EXPLOSIVES,1,kv,Cost,58120
ADVANCE_EXPLOSIVES,2,kv,Icon,ICON_ADVANCE_EXPLOSIVES
ADVANCE_EXPLOSIVES,3,kv,Branch,0
ADVANCE_EXPLOSIVES,4,kv,Age,AGE_FIVE
ADVANCE_FASCISM,0,kv,Prerequisites,ADVANCE_MASS_MEDIA
ADVANCE_FASCISM,1,kv,Prerequisites,ADVANCE_NATIONALISM
ADVANCE_FASCISM,2,kv,Cost,78190
ADVANCE_FASCISM,3,kv,Icon,ICON_ADVANCE_FASCISM
ADVANCE_FASCISM,4,kv,Branch,0
ADVANCE_FASCISM,5,kv,Age,AGE_SIX
ADVANCE_FEUDALISM,0,kv,Prerequisites,ADVANCE_BLACK_SMITH
ADVANCE_FEUDALISM,1,kv,Cost,27000
ADVANCE_FEUDALISM,2,kv,Icon,ICON_ADVANCE_FEUDALISM
ADVANCE_FEUDALISM,3,kv,Branch,0
ADVANCE_FEUDALISM,4,kv,Age,AGE_THREE
ADVANCE_FIBRE_OPTICS,0,kv,Prerequisites,ADVANCE_COMPUTER
ADVANCE_FIBRE_OPTICS,1,kv,Prerequisites,ADVANCE_RADAR
ADVANCE_FIBRE_OPTICS,2,kv,Cost,80000
ADVANCE_FIBRE_OPTICS,3,kv,Icon,ICON_ADVANCE_FIBRE_OPTICS
ADVANCE_FIBRE_OPTICS,4,kv,Branch,0
ADVANCE_FIBRE_OPTICS,5,kv,Age,AGE_SEVEN
ADVANCE_FLIGHT,0,kv,Prerequisites,ADVANCE_INTERNAL_COMBUSTION
ADVANCE_FLIGHT,1,kv,Cost,57000
ADVANCE_FLIGHT,2,kv,Icon,ICON_ADVANCE_FLIGHT
ADVANCE_FLIGHT,3,kv,Branch,0
ADVANCE_FLIGHT,4,kv,Age,AGE_SIX
ADVANCE_FLINTLOCK,0,kv,Prerequisites,ADVANCE_MACHINE_TOOLS
ADVANCE_FLINTLOCK,1,kv,Prerequisites,ADVANCE_CANNON_MAKING
ADVANCE_FLINTLOCK,2,kv,Cost,48234
ADVANCE_FLINTLOCK,3,kv,Icon,ICON_ADVANCE_FLINTLOCK
ADVANCE_FLINTLOCK,4,kv,Branch,0
ADVANCE_FLINTLOCK,5,kv,Age,AGE_FOUR
ADVANCE_FUEL_CELLS,0,kv,Prerequisites,ADVANCE_CONSERVATION
ADVANCE_FUEL_CELLS,1,kv,Prerequisites,ADVANCE_QUANTUM_MECHANICS
ADVANCE_FUEL_CELLS,2,kv,Cost,100430
ADVANCE_FUEL_CELLS,3,kv,Icon,ICON_ADVANCE_FUEL_CELLS
ADVANCE_FUEL_CELLS,4,kv,Branch,0
ADVANCE_FUEL_CELLS,5,kv,Age,AGE_SEVEN
ADVANCE_FUSION,0,kv,Prerequisites,ADVANCE_CHAOS_THEORY
ADVANCE_FUSION,1,kv,Prerequisites,ADVANCE_NANO_ASSEMBLY
ADVANCE_FUSION,2,kv,Cost,180030
ADVANCE_FUSION,3,kv,Icon,ICON_ADVANCE_FUSION
ADVANCE_FUSION,4,kv,Branch,0
ADVANCE_FUSION,5,kv,Age,AGE_NINE
ADVANCE_GAIA_CONTROLLER,0,kv,Prerequisites,ADVANCE_GAIA_THEORY
ADVANCE_GAIA_CONTROLLER,1,kv,Prerequisites,ADVANCE_SMART_MATERIALS
ADVANCE_GAIA_CONTROLLER,2,kv,Cost,200000
ADVANCE_GAIA_CONTROLLER,3,kv,Icon,ICON_ADVANCE_GAIA_CONTROLLER
ADVANCE_GAIA_CONTROLLER,4,kv,Branch,0
ADVANCE_GAIA_CONTROLLER,5,kv,Age,AGE_NINE
ADVANCE_GAIA_THEORY,0,kv,Prerequisites,ADVANCE_ECOTOPIA
ADVANCE_GAIA_THEORY,1,kv,Prerequisites,ADVANCE_NANO_MACHINES
ADVANCE_GAIA_THEORY,2,kv,Cost,195810
ADVANCE_GAIA_THEORY,3,kv,Icon,ICON_ADVANCE_GAIA_THEORY
ADVANCE_GAIA_THEORY,4,kv,Branch,0
ADVANCE_GAIA_THEORY,5,kv,Age,AGE_NINE
ADVANCE_GAIA_THEORY,6,kv,PollutionSizeModifier,-1
ADVANCE_GAIA_THEORY,7,kv,PollutionProductionModifier,-1
ADVANCE_GENETIC_TAILORING,0,kv,Prerequisites,ADVANCE_EUGENICS
ADVANCE_GENETIC_TAILORING,1,kv,Prerequisites,ADVANCE_HUMAN_CLONING
ADVANCE_GENETIC_TAILORING,2,kv,Cost,170740
ADVANCE_GENETIC_TAILORING,3,kv,Icon,ICON_ADVANCE_GENETIC_TAILORING
ADVANCE_GENETIC_TAILORING,4,kv,Branch,0
ADVANCE_GENETIC_TAILORING,5,kv,Age,AGE_NINE
ADVANCE_GENETICS,0,kv,Prerequisites,ADVANCE_MEDICINE
ADVANCE_GENETICS,1,kv,Prerequisites,ADVANCE_ROBOTICS
ADVANCE_GENETICS,2,kv,Cost,155300
ADVANCE_GENETICS,3,kv,Icon,ICON_ADVANCE_GENETICS
ADVANCE_GENETICS,4,kv,Branch,0
ADVANCE_GENETICS,5,kv,Age,AGE_SEVEN
ADVANCE_GEOMETRY,0,kv,Prerequisites,ADVANCE_ALCHEMY
ADVANCE_GEOMETRY,1,kv,Prerequisites,ADVANCE_IRON_WORKING
ADVANCE_GEOMETRY,2,kv,Cost,8450
ADVANCE_GEOMETRY,3,kv,Icon,ICON_ADVANCE_GEOMETRY
ADVANCE_GEOMETRY,4,kv,Branch,0
ADVANCE_GEOMETRY,5,kv,Age,AGE_TWO
ADVANCE_GLOBAL_COMMUNICATIONS,0,kv,Prerequisites,ADVANCE_GLOBAL_DEFENSE
ADVANCE_GLOBAL_COMMUNICATIONS,1,kv,Prerequisites,ADVANCE_NUCLEAR_POWER
ADVANCE_GLOBAL_COMMUNICATIONS,2,kv,Cost,134460
ADVANCE_GLOBAL_COMMUNICATIONS,3,kv,Icon,ICON_ADVANCE_GLOBAL_COMMUNICATIONS
ADVANCE_GLOBAL_COMMUNICATIONS,4,kv,Branch,0
ADVANCE_GLOBAL_COMMUNICATIONS,5,kv,Age,AGE_SEVEN
ADVANCE_GLOBAL_DEFENSE,0,kv,Prerequisites,ADVANCE_RADAR
ADVANCE_GLOBAL_DEFENSE,1,kv,Prerequisites,ADVANCE_SUPERSONIC_FLIGHT
ADVANCE_GLOBAL_DEFENSE,2,kv,Cost,136450
ADVANCE_GLOBAL_DEFENSE,3,kv,Icon,ICON_ADVANCE_GLOBAL_DEFENSE
ADVANCE_GLOBAL_DEFENSE,4,kv,Branch,0
ADVANCE_GLOBAL_DEFENSE,5,kv,Age,AGE_SIX
ADVANCE_GLOBAL_ECONOMICS,0,kv,Prerequisites,ADVANCE_CORPORATE_REPUBLIC
ADVANCE_GLOBAL_ECONOMICS,1,kv,Prerequisites,ADVANCE_JET_PROPULSION
ADVANCE_GLOBAL_ECONOMICS,2,kv,Cost,89650
ADVANCE_GLOBAL_ECONOMICS,3,kv,Icon,ICON_ADVANCE_GLOBAL_ECONOMICS
ADVANCE_GLOBAL_ECONOMICS,4,kv,Branch,0
ADVANCE_GLOBAL_ECONOMICS,5,kv,Age,AGE_SIX
ADVANCE_GOTHIC_ARCHITECTURE,0,kv,Prerequisites,ADVANCE_DARK_AGES
ADVANCE_GOTHIC_ARCHITECTURE,1,kv,Cost,26000
ADVANCE_GOTHIC_ARCHITECTURE,2,kv,Icon,ICON_ADVANCE_GOTHIC_ARCHITECTURE
ADVANCE_GOTHIC_ARCHITECTURE,3,kv,Branch,0
ADVANCE_GOTHIC_ARCHITECTURE,4,kv,Age,AGE_THREE
ADVANCE_GRANARIES,0,kv,Prerequisites,ADVANCE_WATER_LIFTS
ADVANCE_GRANARIES,1,kv,Prerequisites,ADVANCE_BRICK_MAKING
ADVANCE_GRANARIES,2,kv,Cost,1055
ADVANCE_GRANARIES,3,kv,Icon,ICON_ADVANCE_GRANARIES
ADVANCE_GRANARIES,4,kv,Branch,0
ADVANCE_GRANARIES,5,kv,Age,AGE_ONE
ADVANCE_GREEK_FIRE,0,kv,Prerequisites,ADVANCE_CROSSBOW
ADVANCE_GREEK_FIRE,1,kv,Prerequisites,ADVANCE_CLASSICAL_EDUCATION
ADVANCE_GREEK_FIRE,2,kv,Cost,25930
ADVANCE_GREEK_FIRE,3,kv,Icon,ICON_ADVANCE_GREEK_FIRE
ADVANCE_GREEK_FIRE,4,kv,Branch,0
ADVANCE_GREEK_FIRE,5,kv,Age,AGE_THREE
ADVANCE_GUIDED_WEAPON_SYSTEMS,0,kv,Prerequisites,ADVANCE_FIBRE_OPTICS
ADVANCE_GUIDED_WEAPON_SYSTEMS,1,kv,Cost,97890
ADVANCE_GUIDED_WEAPON_SYSTEMS,2,kv,Icon,ICON_ADVANCE_GUIDED_WEAPON_SYSTEMS
ADVANCE_GUIDED_WEAPON_SYSTEMS,3,kv,Branch,0
ADVANCE_GUIDED_WEAPON_SYSTEMS,4,kv,Age,AGE_SEVEN
ADVANCE_GUNPOWDER,0,kv,Prerequisites,ADVANCE_GREEK_FIRE
ADVANCE_GUNPOWDER,1,kv,Prerequisites,ADVANCE_TRADE_GUILDS
ADVANCE_GUNPOWDER,2,kv,Prerequisites,ADVANCE_RENAISSANCE
ADVANCE_GUNPOWDER,3,kv,Cost,37000
ADVANCE_GUNPOWDER,4,kv,Icon,ICON_ADVANCE_GUNPOWDER
ADVANCE_GUNPOWDER,5,kv,Branch,0
ADVANCE_GUNPOWDER,6,kv,Age,AGE_THREE
ADVANCE_GUNPOWDER,7,kv,KeyAdvanceAdvice,KEY_MILITARY_ADVANCE_ADVICE
ADVANCE_GUNPOWDER,8,kv,TriggerFeat,FEAT_ADVANCE_GUNPOWDER
ADVANCE_HERBALISM,0,kv,Prerequisites,ADVANCE_GRANARIES
ADVANCE_HERBALISM,1,kv,Prerequisites,ADVANCE_TRIBES
ADVANCE_HERBALISM,2,kv,Cost,1050
ADVANCE_HERBALISM,3,kv,Icon,ICON_ADVANCE_HERBALISM
ADVANCE_HERBALISM,4,kv,Branch,0
ADVANCE_HERBALISM,5,kv,Age,AGE_ONE
ADVANCE_HIPPOCRATIC_SCHOOL,0,kv,Prerequisites,ADVANCE_HERBALISM
ADVANCE_HIPPOCRATIC_SCHOOL,1,kv,Prerequisites,ADVANCE_PHILOSOPHY
ADVANCE_HIPPOCRATIC_SCHOOL,2,kv,Cost,3693
ADVANCE_HIPPOCRATIC_SCHOOL,3,kv,Icon,ICON_ADVANCE_HIPPOCRATIC_SCHOOL
ADVANCE_HIPPOCRATIC_SCHOOL,4,kv,Branch,0
ADVANCE_HIPPOCRATIC_SCHOOL,5,kv,Age,AGE_TWO
ADVANCE_HORSE_ARMOR,0,kv,Prerequisites,ADVANCE_MOBILE_TACTICS
ADVANCE_HORSE_ARMOR,1,kv,Prerequisites,ADVANCE_BARRACKS
ADVANCE_HORSE_ARMOR,2,kv,Cost,6274
ADVANCE_HORSE_ARMOR,3,kv,Icon,ICON_ADVANCE_HORSE_ARMOR
ADVANCE_HORSE_ARMOR,4,kv,Branch,0
ADVANCE_HORSE_ARMOR,5,kv,Age,AGE_TWO
ADVANCE_HORSE_RIDING,0,kv,Prerequisites,ADVANCE_DOMESTICATION
ADVANCE_HORSE_RIDING,1,kv,Prerequisites,ADVANCE_PROJECTILE_WEAPONS
ADVANCE_HORSE_RIDING,2,kv,Cost,1103
ADVANCE_HORSE_RIDING,3,kv,Icon,ICON_ADVANCE_HORSE_RIDING
ADVANCE_HORSE_RIDING,4,kv,Branch,0
ADVANCE_HORSE_RIDING,5,kv,Age,AGE_ONE
ADVANCE_HORSE_RIDING,6,kv,KeyAdvanceAdvice,KEY_MILITARY_ADVANCE_ADVICE
ADVANCE_HT_SUPERCONDUCTOR,0,kv,Prerequisites,ADVANCE_ADVANCED_COMPOSITES
ADVANCE_HT_SUPERCONDUCTOR,1,kv,Prerequisites,ADVANCE_FUEL_CELLS
ADVANCE_HT_SUPERCONDUCTOR,2,kv,Cost,150440
ADVANCE_HT_SUPERCONDUCTOR,3,kv,Icon,ICON_ADVANCE_HT_SUPERCONDUCTOR
ADVANCE_HT_SUPERCONDUCTOR,4,kv,Branch,0
ADVANCE_HT_SUPERCONDUCTOR,5,kv,Age,AGE_SEVEN
ADVANCE_HT_SUPERCONDUCTOR,6,flag,MagLev,
ADVANCE_HULL_MAKING,0,kv,Prerequisites,ADVANCE_MAP_MAKING
ADVANCE_HULL_MAKING,1,kv,Prerequisites,ADVANCE_GEOMETRY
ADVANCE_HULL_MAKING,2,kv,Cost,9350
ADVANCE_HULL_MAKING,3,kv,Icon,ICON_ADVANCE_HULL_MAKING
ADVANCE_HULL_MAKING,4,kv,Branch,0
ADVANCE_HULL_MAKING,5,kv,Age,AGE_TWO
ADVANCE_HUMAN_CLONING,0,kv,Prerequisites,ADVANCE_DIGITAL_ENCRYPTION
ADVANCE_HUMAN_CLONING,1,kv,Prerequisites,ADVANCE_GENETICS
ADVANCE_HUMAN_CLONING,2,kv,Cost,176570
ADVANCE_HUMAN_CLONING,3,kv,Icon,ICON_ADVANCE_HUMAN_CLONING
ADVANCE_HUMAN_CLONING,4,kv,Branch,0
ADVANCE_HUMAN_CLONING,5,kv,Age,AGE_EIGHT
ADVANCE_INDUSTRIAL_REVOLUTION,0,kv,Prerequisites,ADVANCE_MODERN_METALLURGY
ADVANCE_INDUSTRIAL_REVOLUTION,1,kv,Prerequisites,ADVANCE_ECONOMICS
ADVANCE_INDUSTRIAL_REVOLUTION,2,kv,Cost,48000
ADVANCE_INDUSTRIAL_REVOLUTION,3,kv,Icon,ICON_ADVANCE_INDUSTRIAL_REVOLUTION
ADVANCE_INDUSTRIAL_REVOLUTION,4,kv,Branch,0
ADVANCE_INDUSTRIAL_REVOLUTION,5,kv,Age,AGE_FIVE
ADVANCE_INTERNAL_COMBUSTION,0,kv,Prerequisites,ADVANCE_ELECTRICITY
ADVANCE_INTERNAL_COMBUSTION,1,kv,Prerequisites,ADVANCE_OIL_REFINING
ADVANCE_INTERNAL_COMBUSTION,2,kv,Cost,55760
ADVANCE_INTERNAL_COMBUSTION,3,kv,Icon,ICON_ADVANCE_INTERNAL_COMBUSTION
ADVANCE_INTERNAL_COMBUSTION,4,kv,Branch,0
ADVANCE_INTERNAL_COMBUSTION,5,kv,Age,AGE_SIX
ADVANCE_IRON_CASTING,0,kv,Prerequisites,ADVANCE_CHIVALRY
ADVANCE_IRON_CASTING,1,kv,Cost,25000
ADVANCE_IRON_CASTING,2,kv,Icon,ICON_ADVANCE_IRON_CASTING
ADVANCE_IRON_CASTING,3,kv,Branch,0
ADVANCE_IRON_CASTING,4,kv,Age,AGE_THREE
ADVANCE_IRON_WORKING,0,kv,Prerequisites,ADVANCE_PAPER
ADVANCE_IRON_WORKING,1,kv,Prerequisites,ADVANCE_ALCHEMY
ADVANCE_IRON_WORKING,2,kv,Cost,15000
ADVANCE_IRON_WORKING,3,kv,Icon,ICON_ADVANCE_IRON_WORKING
ADVANCE_IRON_WORKING,4,kv,Branch,0
ADVANCE_IRON_WORKING,5,kv,Age,AGE_TWO
ADVANCE_ISLAM,0,kv,Prerequisites,ADVANCE_CALIPHATE
ADVANCE_ISLAM,1,kv,Cost,27960
ADVANCE_ISLAM,2,kv,Icon,ICON_ADVANCE_ISLAM
ADVANCE_ISLAM,3,kv,Branch,0
ADVANCE_ISLAM,4,kv,Age,AGE_THREE
ADVANCE_JET_PROPULSION,0,kv,Prerequisites,ADVANCE_AERODYNAMICS
ADVANCE_JET_PROPULSION,1,kv,Prerequisites,ADVANCE_MODERN_METALLURGY
ADVANCE_JET_PROPULSION,2,kv,Cost,82700
ADVANCE_JET_PROPULSION,3,kv,Icon,ICON_ADVANCE_JET_PROPULSION
ADVANCE_JET_PROPULSION,4,kv,Branch,0
ADVANCE_JET_PROPULSION,5,kv,Age,AGE_SIX
ADVANCE_JOINERY,0,kv,Prerequisites,ADVANCE_AGRICULTURAL_REVOLUTION
ADVANCE_JOINERY,1,kv,Prerequisites,ADVANCE_GOTHIC_ARCHITECTURE
ADVANCE_JOINERY,2,kv,Cost,25000
ADVANCE_JOINERY,3,kv,Icon,ICON_ADVANCE_JOINERY
ADVANCE_JOINERY,4,kv,Branch,0
ADVANCE_JOINERY,5,kv,Age,AGE_THREE
ADVANCE_JURISPRUDENCE,0,kv,Prerequisites,ADVANCE_DYNASTY
ADVANCE_JURISPRUDENCE,1,kv,Prerequisites,ADVANCE_MONOTHEISM
ADVANCE_JURISPRUDENCE,2,kv,Cost,1145
ADVANCE_JURISPRUDENCE,3,kv,Icon,ICON_ADVANCE_JURISPRUDENCE
ADVANCE_JURISPRUDENCE,4,kv,Branch,0
ADVANCE_JURISPRUDENCE,5,kv,Age,AGE_ONE
ADVANCE_LIBERALISM,0,kv,Prerequisites,ADVANCE_INDUSTRIAL_REVOLUTION
ADVANCE_LIBERALISM,1,kv,Prerequisites,ADVANCE_PHYSICS
ADVANCE_LIBERALISM,2,kv,Cost,45000
ADVANCE_LIBERALISM,3,kv,Icon,ICON_ADVANCE_LIBERALISM
ADVANCE_LIBERALISM,4,kv,Branch,0
ADVANCE_LIBERALISM,5,kv,Age,AGE_FIVE
ADVANCE_LIFE_EXTENSION,0,kv,Prerequisites,ADVANCE_CYBERNETICS
ADVANCE_LIFE_EXTENSION,1,kv,Prerequisites,ADVANCE_GENETIC_TAILORING
ADVANCE_LIFE_EXTENSION,2,kv,Cost,180770
ADVANCE_LIFE_EXTENSION,3,kv,Icon,ICON_ADVANCE_LIFE_EXTENSION
ADVANCE_LIFE_EXTENSION,4,kv,Branch,0
ADVANCE_LIFE_EXTENSION,5,kv,Age,AGE_NINE
ADVANCE_LIFE_EXTENSION,6,kv,TriggerFeat,FEAT_ADVANCE_LIFE_EXTENSION
ADVANCE_LIQUID_BREATHING_APPARATUS,0,kv,Prerequisites,ADVANCE_ADVANCED_COMPOSITES
ADVANCE_LIQUID_BREATHING_APPARATUS,1,kv,Prerequisites,ADVANCE_MEDICINE
ADVANCE_LIQUID_BREATHING_APPARATUS,2,kv,Cost,100430
ADVANCE_LIQUID_BREATHING_APPARATUS,3,kv,Icon,ICON_ADVANCE_LIQUID_BREATHING_APPARATUS
ADVANCE_LIQUID_BREATHING_APPARATUS,4,kv,Branch,0
ADVANCE_LIQUID_BREATHING_APPARATUS,5,kv,Age,AGE_SEVEN
ADVANCE_LOOM,0,kv,Prerequisites,ADVANCE_JOINERY
ADVANCE_LOOM,1,kv,Prerequisites,ADVANCE_THEOLOGY
ADVANCE_LOOM,2,kv,Cost,25000
ADVANCE_LOOM,3,kv,Icon,ICON_ADVANCE_LOOM
ADVANCE_LOOM,4,kv,Branch,0
ADVANCE_LOOM,5,kv,Age,AGE_THREE
ADVANCE_MACHINE_TOOLS,0,kv,Prerequisites,ADVANCE_MECHANICAL_CLOCK
ADVANCE_MACHINE_TOOLS,1,kv,Prerequisites,ADVANCE_PRINTING_PRESS
ADVANCE_MACHINE_TOOLS,2,kv,Cost,30675
ADVANCE_MACHINE_TOOLS,3,kv,Icon,ICON_ADVANCE_MACHINE_TOOLS
ADVANCE_MACHINE_TOOLS,4,kv,Branch,0
ADVANCE_MACHINE_TOOLS,5,kv,Age,AGE_THREE
ADVANCE_MAP_MAKING,0,kv,Prerequisites,ADVANCE_SEAMANSHIP
ADVANCE_MAP_MAKING,1,kv,Prerequisites,ADVANCE_CURRENCY
ADVANCE_MAP_MAKING,2,kv,Cost,2447
ADVANCE_MAP_MAKING,3,kv,Icon,ICON_ADVANCE_MAP_MAKING
ADVANCE_MAP_MAKING,4,kv,Branch,0
ADVANCE_MAP_MAKING,5,kv,Age,AGE_ONE
ADVANCE_MASONRY,0,kv,Prerequisites,ADVANCE_ARCHITECTURE
ADVANCE_MASONRY,1,kv,Cost,3610
ADVANCE_MASONRY,2,kv,Icon,ICON_ADVANCE_MASONRY
ADVANCE_MASONRY,3,kv,Branch,0
ADVANCE_MASONRY,4,kv,Age,AGE_TWO
ADVANCE_MASONRY,5,flag,Infrastructure,
ADVANCE_MASS_MEDIA,0,kv,Prerequisites,ADVANCE_ECONOMICS
ADVANCE_MASS_MEDIA,1,kv,Prerequisites,ADVANCE_ELECTRICITY
ADVANCE_MASS_MEDIA,2,kv,Cost,71190
ADVANCE_MASS_MEDIA,3,kv,Icon,ICON_ADVANCE_MASS_MEDIA
ADVANCE_MASS_MEDIA,4,kv,Branch,0
ADVANCE_MASS_MEDIA,5,kv,Age,AGE_SIX
ADVANCE_MASS_PRODUCTION,0,kv,Prerequisites,ADVANCE_EXPLOSIVES
ADVANCE_MASS_PRODUCTION,1,kv,Prerequisites,ADVANCE_INTERNAL_COMBUSTION
ADVANCE_MASS_PRODUCTION,2,kv,Cost,76730
ADVANCE_MASS_PRODUCTION,3,kv,Icon,ICON_ADVANCE_MASS_PRODUCTION
ADVANCE_MASS_PRODUCTION,4,kv,Branch,0
ADVANCE_MASS_PRODUCTION,5,kv,Age,AGE_SIX
ADVANCE_MASS_PRODUCTION,6,kv,PollutionSizeModifier,0.5
ADVANCE_MASS_PRODUCTION,7,kv,PollutionProductionModifier,0.5
ADVANCE_MASS_PRODUCTION,8,kv,TriggerFeat,FEAT_ADVANCE_MASS_PRODUCTION
ADVANCE_MASS_TRANSIT,0,kv,Prerequisites,ADVANCE_CORPORATE_REPUBLIC
ADVANCE_MASS_TRANSIT,1,kv,Prerequisites,ADVANCE_INTERNAL_COMBUSTION
ADVANCE_MASS_TRANSIT,2,kv,Cost,90340
ADVANCE_MASS_TRANSIT,3,kv,Icon,ICON_ADVANCE_MASS_TRANSIT
ADVANCE_MASS_TRANSIT,4,kv,Branch,0
ADVANCE_MASS_TRANSIT,5,kv,Age,AGE_SIX
ADVANCE_MECHANICAL_CLOCK,0,kv,Prerequisites,ADVANCE_MILLS
ADVANCE_MECHANICAL_CLOCK,1,kv,Prerequisites,ADVANCE_BANKING
ADVANCE_MECHANICAL_CLOCK,2,kv,Cost,22133
ADVANCE_MECHANICAL_CLOCK,3,kv,Icon,ICON_ADVANCE_MECHANICAL_CLOCK
ADVANCE_MECHANICAL_CLOCK,4,kv,Branch,0
ADVANCE_MECHANICAL_CLOCK,5,kv,Age,AGE_THREE
ADVANCE_MEDICINE,0,kv,Prerequisites,ADVANCE_REFRIGERATION
ADVANCE_MEDICINE,1,kv,Cost,60500
ADVANCE_MEDICINE,2,kv,Icon,ICON_ADVANCE_MEDICINE
ADVANCE_MEDICINE,3,kv,Branch,0
ADVANCE_MEDICINE,4,kv,Age,AGE_SIX
ADVANCE_METAL_WORKING,0,kv,Prerequisites,ADVANCE_PROJECTILE_WEAPONS
ADVANCE_METAL_WORKING,1,kv,Prerequisites,ADVANCE_BRONZE_WORKING
ADVANCE_METAL_WORKING,2,kv,Cost,2620
ADVANCE_METAL_WORKING,3,kv,Icon,ICON_ADVANCE_METAL_WORKING
ADVANCE_METAL_WORKING,4,kv,Branch,0
ADVANCE_METAL_WORKING,5,kv,Age,AGE_TWO
ADVANCE_MIGRATION,0,kv,Prerequisites,ADVANCE_ANIMAL_HUSBANDRY
ADVANCE_MIGRATION,1,kv,Prerequisites,ADVANCE_IRON_WORKING
ADVANCE_MIGRATION,2,kv,Cost,10941
ADVANCE_MIGRATION,3,kv,Icon,ICON_ADVANCE_MIGRATION
ADVANCE_MIGRATION,4,kv,Branch,0
ADVANCE_MIGRATION,5,kv,Age,AGE_TWO
ADVANCE_MILITARY_TRADITION,0,kv,Prerequisites,ADVANCE_OIL_REFINING
ADVANCE_MILITARY_TRADITION,1,kv,Prerequisites,ADVANCE_MASS_PRODUCTION
ADVANCE_MILITARY_TRADITION,2,kv,Cost,75000
ADVANCE_MILITARY_TRADITION,3,kv,Icon,ICON_ADVANCE_MILITARY_TRADITION
ADVANCE_MILITARY_TRADITION,4,kv,Branch,0
ADVANCE_MILITARY_TRADITION,5,kv,Age,AGE_SIX
ADVANCE_MILLS,0,kv,Prerequisites,ADVANCE_BLACK_SMITH
ADVANCE_MILLS,1,kv,Cost,25860
ADVANCE_MILLS,2,kv,Icon,ICON_ADVANCE_MILLS
ADVANCE_MILLS,3,kv,Branch,0
ADVANCE_MILLS,4,kv,Age,AGE_THREE
ADVANCE_MINING,0,kv,Prerequisites,ADVANCE_TOOLMAKING
ADVANCE_MINING,1,kv,Prerequisites,ADVANCE_SLAVE_LABOR
ADVANCE_MINING,2,kv,Cost,600
ADVANCE_MINING,3,kv,Icon,ICON_ADVANCE_MINING
ADVANCE_MINING,4,kv,Branch,0
ADVANCE_MINING,5,kv,Age,AGE_ONE
ADVANCE_MOBILE_TACTICS,0,kv,Prerequisites,ADVANCE_ARCHERY
ADVANCE_MOBILE_TACTICS,1,kv,Prerequisites,ADVANCE_ARISTOCRACY
ADVANCE_MOBILE_TACTICS,2,kv,Cost,4103
ADVANCE_MOBILE_TACTICS,3,kv,Icon,ICON_ADVANCE_MOBILE_TACTICS
ADVANCE_MOBILE_TACTICS,4,kv,Branch,0
ADVANCE_MOBILE_TACTICS,5,kv,Age,AGE_TWO
ADVANCE_MOBILE_WARFARE,0,kv,Prerequisites,ADVANCE_INTERNAL_COMBUSTION
ADVANCE_MOBILE_WARFARE,1,kv,Cost,58000
ADVANCE_MOBILE_WARFARE,2,kv,Icon,ICON_ADVANCE_MOBILE_WARFARE
ADVANCE_MOBILE_WARFARE,3,kv,Branch,0
ADVANCE_MOBILE_WARFARE,4,kv,Age,AGE_SIX
ADVANCE_MODERN_METALLURGY,0,kv,Prerequisites,ADVANCE_PERSPECTIVE
ADVANCE_MODERN_METALLURGY,1,kv,Prerequisites,ADVANCE_AGE_OF_REASON
ADVANCE_MODERN_METALLURGY,2,kv,Cost,40360
ADVANCE_MODERN_METALLURGY,3,kv,Icon,ICON_ADVANCE_MODERN_METALLURGY
ADVANCE_MODERN_METALLURGY,4,kv,Branch,0
ADVANCE_MODERN_METALLURGY,5,kv,Age,AGE_FOUR
ADVANCE_MONARCHY,0,kv,Prerequisites,ADVANCE_CONSTMONARCHY
ADVANCE_MONARCHY,1,kv,Prerequisites,ADVANCE_DARK_AGES
ADVANCE_MONARCHY,2,kv,Cost,30000
ADVANCE_MONARCHY,3,kv,Icon,ICON_ADVANCE_MONARCHY
ADVANCE_MONARCHY,4,kv,Branch,0
ADVANCE_MONARCHY,5,kv,Age,AGE_THREE
ADVANCE_MONOTHEISM,0,kv,Prerequisites,ADVANCE_SLAVE_LABOR
ADVANCE_MONOTHEISM,1,kv,Prerequisites,ADVANCE_CEREMONIAL_BURIAL
ADVANCE_MONOTHEISM,2,kv,Cost,940
ADVANCE_MONOTHEISM,3,kv,Icon,ICON_ADVANCE_MONOTHEISM
ADVANCE_MONOTHEISM,4,kv,Branch,0
ADVANCE_MONOTHEISM,5,kv,Age,AGE_ONE
ADVANCE_NANO_ASSEMBLY,0,kv,Prerequisites,ADVANCE_DIGITAL_ENCRYPTION
ADVANCE_NANO_ASSEMBLY,1,kv,Prerequisites,ADVANCE_ROBOTICS
ADVANCE_NANO_ASSEMBLY,2,kv,Cost,145210
ADVANCE_NANO_ASSEMBLY,3,kv,Icon,ICON_ADVANCE_NANO_ASSEMBLY
ADVANCE_NANO_ASSEMBLY,4,kv,Branch,0
ADVANCE_NANO_ASSEMBLY,5,kv,Age,AGE_EIGHT
ADVANCE_NANO_ASSEMBLY,6,kv,PollutionSizeModifier,-1
ADVANCE_NANO_ASSEMBLY,7,kv,PollutionProductionModifier,-1
ADVANCE_NANO_MACHINES,0,kv,Prerequisites,ADVANCE_NANO_ASSEMBLY
ADVANCE_NANO_MACHINES,1,kv,Prerequisites,ADVANCE_TECHNOCRACY
ADVANCE_NANO_MACHINES,2,kv,Cost,164770
ADVANCE_NANO_MACHINES,3,kv,Icon,ICON_ADVANCE_NANO_MACHINES
ADVANCE_NANO_MACHINES,4,kv,Branch,0
ADVANCE_NANO_MACHINES,5,kv,Age,AGE_NINE
ADVANCE_NANO_WARFARE,0,kv,Prerequisites,ADVANCE_NANO_MACHINES
ADVANCE_NANO_WARFARE,1,kv,Prerequisites,ADVANCE_PLASMA_WEAPONRY
ADVANCE_NANO_WARFARE,2,kv,Cost,164660
ADVANCE_NANO_WARFARE,3,kv,Icon,ICON_ADVANCE_NANO_WARFARE
ADVANCE_NANO_WARFARE,4,kv,Branch,0
ADVANCE_NANO_WARFARE,5,kv,Age,AGE_NINE
ADVANCE_NATIONALISM,0,kv,Prerequisites,ADVANCE_PRINTING_PRESS
ADVANCE_NATIONALISM,1,kv,Prerequisites,ADVANCE_RENAISSANCE
ADVANCE_NATIONALISM,2,kv,Cost,35450
ADVANCE_NATIONALISM,3,kv,Icon,ICON_ADVANCE_NATIONALISM
ADVANCE_NATIONALISM,4,kv,Branch,0
ADVANCE_NATIONALISM,5,kv,Age,AGE_FOUR
ADVANCE_NAVAL_AVIATION,0,kv,Prerequisites,ADVANCE_AERODYNAMICS
ADVANCE_NAVAL_AVIATION,1,kv,Prerequisites,ADVANCE_NAVAL_TACTICS
ADVANCE_NAVAL_AVIATION,2,kv,Cost,74540
ADVANCE_NAVAL_AVIATION,3,kv,Icon,ICON_ADVANCE_NAVAL_AVIATION
ADVANCE_NAVAL_AVIATION,4,kv,Branch,0
ADVANCE_NAVAL_AVIATION,5,kv,Age,AGE_SIX
ADVANCE_NAVAL_TACTICS,0,kv,Prerequisites,ADVANCE_CHRONOMETER
ADVANCE_NAVAL_TACTICS,1,kv,Prerequisites,ADVANCE_ECONOMICS
ADVANCE_NAVAL_TACTICS,2,kv,Cost,61930
ADVANCE_NAVAL_TACTICS,3,kv,Icon,ICON_ADVANCE_NAVAL_TACTICS
ADVANCE_NAVAL_TACTICS,4,kv,Branch,0
ADVANCE_NAVAL_TACTICS,5,kv,Age,AGE_FOUR
ADVANCE_NEURAL_INTERFACE,0,kv,Prerequisites,ADVANCE_GENETICS
ADVANCE_NEURAL_INTERFACE,1,kv,Prerequisites,ADVANCE_HT_SUPERCONDUCTOR
ADVANCE_NEURAL_INTERFACE,2,kv,Cost,148750
ADVANCE_NEURAL_INTERFACE,3,kv,Icon,ICON_ADVANCE_NEURAL_INTERFACE
ADVANCE_NEURAL_INTERFACE,4,kv,Branch,0
ADVANCE_NEURAL_INTERFACE,5,kv,Age,AGE_EIGHT
ADVANCE_NEURAL_REPROGRAMMING,0,kv,Prerequisites,ADVANCE_DIGITAL_ENCRYPTION
ADVANCE_NEURAL_REPROGRAMMING,1,kv,Prerequisites,ADVANCE_NEURAL_INTERFACE
ADVANCE_NEURAL_REPROGRAMMING,2,kv,Cost,162690
ADVANCE_NEURAL_REPROGRAMMING,3,kv,Icon,ICON_ADVANCE_NEURAL_REPROGRAMMING
ADVANCE_NEURAL_REPROGRAMMING,4,kv,Branch,0
ADVANCE_NEURAL_REPROGRAMMING,5,kv,Age,AGE_EIGHT
ADVANCE_NUCLEAR_POWER,0,kv,Prerequisites,ADVANCE_GUIDED_WEAPON_SYSTEMS
ADVANCE_NUCLEAR_POWER,1,kv,Prerequisites,ADVANCE_QUANTUM_MECHANICS
ADVANCE_NUCLEAR_POWER,2,kv,Cost,98970
ADVANCE_NUCLEAR_POWER,3,kv,Icon,ICON_ADVANCE_NUCLEAR_POWER
ADVANCE_NUCLEAR_POWER,4,kv,Branch,0
ADVANCE_NUCLEAR_POWER,5,kv,Age,AGE_SEVEN
ADVANCE_NUCLEAR_POWER,6,flag,PlantNuke,
ADVANCE_NUCLEAR_POWER,7,kv,KeyAdvanceAdvice,KEY_MILITARY_ADVANCE_ADVICE
ADVANCE_OCEAN_FARING,0,kv,Prerequisites,ADVANCE_DARK_AGES
ADVANCE_OCEAN_FARING,1,kv,Prerequisites,ADVANCE_HULL_MAKING
ADVANCE_OCEAN_FARING,2,kv,Cost,14341
ADVANCE_OCEAN_FARING,3,kv,Icon,ICON_ADVANCE_OCEAN_FARING
ADVANCE_OCEAN_FARING,4,kv,Branch,0
ADVANCE_OCEAN_FARING,5,kv,Age,AGE_TWO
ADVANCE_OIL_REFINING,0,kv,Prerequisites,ADVANCE_INDUSTRIAL_REVOLUTION
ADVANCE_OIL_REFINING,1,kv,Prerequisites,ADVANCE_RAILROAD
ADVANCE_OIL_REFINING,2,kv,Cost,57870
ADVANCE_OIL_REFINING,3,kv,Icon,ICON_ADVANCE_OIL_REFINING
ADVANCE_OIL_REFINING,4,kv,Branch,0
ADVANCE_OIL_REFINING,5,kv,Age,AGE_SIX
ADVANCE_OIL_REFINING,6,flag,DeepOcean,
ADVANCE_OIL_REFINING,7,kv,KeyAdvanceAdvice,KEY_GROWTH_ADVANCE_ADVICE
ADVANCE_OLIGARCHY,0,kv,Prerequisites,ADVANCE_CURRENCY
ADVANCE_OLIGARCHY,1,kv,Prerequisites,ADVANCE_PHILOSOPHY
ADVANCE_OLIGARCHY,2,kv,Cost,7713
ADVANCE_OLIGARCHY,3,kv,Icon,ICON_ADVANCE_OLIGARCHY
ADVANCE_OLIGARCHY,4,kv,Branch,0
ADVANCE_OLIGARCHY,5,kv,Age,AGE_TWO
ADVANCE_OLIGARCHY,6,flag,Capitalization,
ADVANCE_OPTICS,0,kv,Prerequisites,ADVANCE_RENAISSANCE
ADVANCE_OPTICS,1,kv,Prerequisites,ADVANCE_ASTROLABE
ADVANCE_OPTICS,2,kv,Cost,32118
ADVANCE_OPTICS,3,kv,Icon,ICON_ADVANCE_OPTICS
ADVANCE_OPTICS,4,kv,Branch,0
ADVANCE_OPTICS,5,kv,Age,AGE_FOUR
ADVANCE_PAPER,0,kv,Prerequisites,ADVANCE_BARRACKS
ADVANCE_PAPER,1,kv,Cost,3500
ADVANCE_PAPER,2,kv,Icon,ICON_ADVANCE_PAPER
ADVANCE_PAPER,3,kv,Branch,0
ADVANCE_PAPER,4,kv,Age,AGE_TWO
ADVANCE_PERSPECTIVE,0,kv,Prerequisites,ADVANCE_GOTHIC_ARCHITECTURE
ADVANCE_PERSPECTIVE,1,kv,Cost,18813
ADVANCE_PERSPECTIVE,2,kv,Icon,ICON_ADVANCE_PERSPECTIVE
ADVANCE_PERSPECTIVE,3,kv,Branch,0
ADVANCE_PERSPECTIVE,4,kv,Age,AGE_THREE
ADVANCE_PHARMACEUTICALS,0,kv,Prerequisites,ADVANCE_INDUSTRIAL_REVOLUTION
ADVANCE_PHARMACEUTICALS,1,kv,Prerequisites,ADVANCE_CHEMISTRY
ADVANCE_PHARMACEUTICALS,2,kv,Cost,52970
ADVANCE_PHARMACEUTICALS,3,kv,Icon,ICON_ADVANCE_PHARMACEUTICALS
ADVANCE_PHARMACEUTICALS,4,kv,Branch,0
ADVANCE_PHARMACEUTICALS,5,kv,Age,AGE_FIVE
ADVANCE_PHILOSOPHY,0,kv,Prerequisites,ADVANCE_DRAMA
ADVANCE_PHILOSOPHY,1,kv,Prerequisites,ADVANCE_CITY_STATE
ADVANCE_PHILOSOPHY,2,kv,Cost,7000
ADVANCE_PHILOSOPHY,3,kv,Icon,ICON_ADVANCE_PHILOSOPHY
ADVANCE_PHILOSOPHY,4,kv,Branch,0
ADVANCE_PHILOSOPHY,5,kv,Age,AGE_TWO
ADVANCE_PHYSICS,0,kv,Prerequisites,ADVANCE_CHEMISTRY
ADVANCE_PHYSICS,1,kv,Prerequisites,ADVANCE_AGE_OF_REASON
ADVANCE_PHYSICS,2,kv,Cost,34356
ADVANCE_PHYSICS,3,kv,Icon,ICON_ADVANCE_PHYSICS
ADVANCE_PHYSICS,4,kv,Branch,0
ADVANCE_PHYSICS,5,kv,Age,AGE_FOUR
ADVANCE_PLASMA_WEAPONRY,0,kv,Prerequisites,ADVANCE_QUANTUM_COMPUTING
ADVANCE_PLASMA_WEAPONRY,1,kv,Cost,160150
ADVANCE_PLASMA_WEAPONRY,2,kv,Icon,ICON_ADVANCE_PLASMA_WEAPONRY
ADVANCE_PLASMA_WEAPONRY,3,kv,Branch,0
ADVANCE_PLASMA_WEAPONRY,4,kv,Age,AGE_NINE
ADVANCE_PLATE_ARMOUR,0,kv,Prerequisites,ADVANCE_IRON_CASTING
ADVANCE_PLATE_ARMOUR,1,kv,Prerequisites,ADVANCE_LOOM
ADVANCE_PLATE_ARMOUR,2,kv,Cost,23830
ADVANCE_PLATE_ARMOUR,3,kv,Icon,ICON_ADVANCE_PLATE_ARMOUR
ADVANCE_PLATE_ARMOUR,4,kv,Branch,0
ADVANCE_PLATE_ARMOUR,5,kv,Age,AGE_THREE
ADVANCE_PLOUGH,0,kv,Prerequisites,ADVANCE_BRICK_MAKING
ADVANCE_PLOUGH,1,kv,Prerequisites,ADVANCE_MINING
ADVANCE_PLOUGH,2,kv,Cost,800
ADVANCE_PLOUGH,3,kv,Icon,ICON_ADVANCE_PLOUGH
ADVANCE_PLOUGH,4,kv,Branch,0
ADVANCE_PLOUGH,5,kv,Age,AGE_ONE
ADVANCE_PLUMBING,0,kv,Prerequisites,ADVANCE_CONCRETE
ADVANCE_PLUMBING,1,kv,Prerequisites,ADVANCE_SIEGE_WEAPONS
ADVANCE_PLUMBING,2,kv,Cost,9061
ADVANCE_PLUMBING,3,kv,Icon,ICON_ADVANCE_PLUMBING
ADVANCE_PLUMBING,4,kv,Branch,0
ADVANCE_PLUMBING,5,kv,Age,AGE_TWO
ADVANCE_POTTERY,0,kv,Prerequisites,ADVANCE_TOOLMAKING
ADVANCE_POTTERY,1,kv,Cost,400
ADVANCE_POTTERY,2,kv,Icon,ICON_ADVANCE_POTTERY
ADVANCE_POTTERY,3,kv,Branch,0
ADVANCE_POTTERY,4,kv,Age,AGE_ONE
ADVANCE_PRINTING_PRESS,0,kv,Prerequisites,ADVANCE_CLASSICAL_EDUCATION
ADVANCE_PRINTING_PRESS,1,kv,Cost,32820
ADVANCE_PRINTING_PRESS,2,kv,Icon,ICON_ADVANCE_PRINTING_PRESS
ADVANCE_PRINTING_PRESS,3,kv,Branch,0
ADVANCE_PRINTING_PRESS,4,kv,Age,AGE_THREE
ADVANCE_PROJECTILE_WEAPONS,0,kv,Prerequisites,ADVANCE_TOOLMAKING
ADVANCE_PROJECTILE_WEAPONS,1,kv,Cost,540
ADVANCE_PROJECTILE_WEAPONS,2,kv,Icon,ICON_ADVANCE_PROJECTILE_WEAPONS
ADVANCE_PROJECTILE_WEAPONS,3,kv,Branch,0
ADVANCE_PROJECTILE_WEAPONS,4,kv,Age,AGE_ONE
ADVANCE_PYTHAGORAS_THEORUM,0,kv,Prerequisites,ADVANCE_COSMOLOGY
ADVANCE_PYTHAGORAS_THEORUM,1,kv,Cost,3500
ADVANCE_PYTHAGORAS_THEORUM,2,kv,Icon,ICON_ADVANCE_PYTHAGORAS_THEORUM
ADVANCE_PYTHAGORAS_THEORUM,3,kv,Branch,0
ADVANCE_PYTHAGORAS_THEORUM,4,kv,Age,AGE_TWO
ADVANCE_QUANTUM_COMPUTING,0,kv,Prerequisites,ADVANCE_FUSION
ADVANCE_QUANTUM_COMPUTING,1,kv,Prerequisites,ADVANCE_UNIFIED_PHYSICS
ADVANCE_QUANTUM_COMPUTING,2,kv,Cost,160150
ADVANCE_QUANTUM_COMPUTING,3,kv,Icon,ICON_ADVANCE_QUANTUM_COMPUTING
ADVANCE_QUANTUM_COMPUTING,4,kv,Branch,0
ADVANCE_QUANTUM_COMPUTING,5,kv,Age,AGE_NINE
ADVANCE_QUANTUM_MECHANICS,0,kv,Prerequisites,ADVANCE_COMPUTER
ADVANCE_QUANTUM_MECHANICS,1,kv,Prerequisites,ADVANCE_PHYSICS
ADVANCE_QUANTUM_MECHANICS,2,kv,Cost,92720
ADVANCE_QUANTUM_MECHANICS,3,kv,Icon,ICON_ADVANCE_QUANTUM_MECHANICS
ADVANCE_QUANTUM_MECHANICS,4,kv,Branch,0
ADVANCE_QUANTUM_MECHANICS,5,kv,Age,AGE_SEVEN
ADVANCE_RADAR,0,kv,Prerequisites,ADVANCE_ELECTRICITY
ADVANCE_RADAR,1,kv,Prerequisites,ADVANCE_NAVAL_AVIATION
ADVANCE_RADAR,2,kv,Cost,71260
ADVANCE_RADAR,3,kv,Icon,ICON_ADVANCE_RADAR
ADVANCE_RADAR,4,kv,Branch,0
ADVANCE_RADAR,5,kv,Age,AGE_SIX
ADVANCE_RAILROAD,0,kv,Prerequisites,ADVANCE_STEAM_POWER
ADVANCE_RAILROAD,1,kv,Cost,50120
ADVANCE_RAILROAD,2,kv,Icon,ICON_ADVANCE_RAILROAD
ADVANCE_RAILROAD,3,kv,Branch,0
ADVANCE_RAILROAD,4,kv,Age,AGE_FIVE
ADVANCE_RAILROAD,5,flag,Railroads,
ADVANCE_REFRIGERATION,0,kv,Prerequisites,ADVANCE_PHARMACEUTICALS
ADVANCE_REFRIGERATION,1,kv,Cost,55000
ADVANCE_REFRIGERATION,2,kv,Icon,ICON_ADVANCE_REFRIGERATION
ADVANCE_REFRIGERATION,3,kv,Branch,0
ADVANCE_REFRIGERATION,4,kv,Age,AGE_SIX
ADVANCE_RELIGION,0,kv,Cost,350
ADVANCE_RELIGION,1,kv,Icon,ICON_ADVANCE_RELIGION
ADVANCE_RELIGION,2,kv,Branch,0
ADVANCE_RELIGION,3,kv,Age,AGE_ONE
ADVANCE_RENAISSANCE,0,kv,Prerequisites,ADVANCE_PERSPECTIVE
ADVANCE_RENAISSANCE,1,kv,Cost,24500
ADVANCE_RENAISSANCE,2,kv,Icon,ICON_ADVANCE_RENAISSANCE
ADVANCE_RENAISSANCE,3,kv,Branch,0
ADVANCE_RENAISSANCE,4,kv,Age,AGE_FOUR
ADVANCE_REPLACEABLE_PARTS,0,kv,Prerequisites,ADVANCE_INDUSTRIAL_REVOLUTION
ADVANCE_REPLACEABLE_PARTS,1,kv,Prerequisites,ADVANCE_CHEMISTRY
ADVANCE_REPLACEABLE_PARTS,2,kv,Cost,55000
ADVANCE_REPLACEABLE_PARTS,3,kv,Icon,ICON_ADVANCE_REPLACEABLE_PARTS
ADVANCE_REPLACEABLE_PARTS,4,kv,Branch,0
ADVANCE_REPLACEABLE_PARTS,5,kv,Age,AGE_SIX
ADVANCE_REPUBLIC,0,kv,Prerequisites,ADVANCE_PHILOSOPHY
ADVANCE_REPUBLIC,1,kv,Cost,19000
ADVANCE_REPUBLIC,2,kv,Icon,ICON_ADVANCE_REPUBLIC
ADVANCE_REPUBLIC,3,kv,Branch,0
ADVANCE_REPUBLIC,4,kv,Age,AGE_TWO
ADVANCE_ROBOTICS,0,kv,Prerequisites,ADVANCE_ADVANCED_COMPOSITES
ADVANCE_ROBOTICS,1,kv,Prerequisites,ADVANCE_NUCLEAR_POWER
ADVANCE_ROBOTICS,2,kv,Cost,126250
ADVANCE_ROBOTICS,3,kv,Icon,ICON_ADVANCE_ROBOTICS
ADVANCE_ROBOTICS,4,kv,Branch,0
ADVANCE_ROBOTICS,5,kv,Age,AGE_SEVEN
ADVANCE_ROBOTICS,6,kv,TriggerFeat,FEAT_ADVANCE_ROBOTICS
ADVANCE_SAILS,0,kv,Prerequisites,ADVANCE_SHIP_BUILDING
ADVANCE_SAILS,1,kv,Prerequisites,ADVANCE_ASTRONOMY
ADVANCE_SAILS,2,kv,Cost,1250
ADVANCE_SAILS,3,kv,Icon,ICON_ADVANCE_SAILS
ADVANCE_SAILS,4,kv,Branch,0
ADVANCE_SAILS,5,kv,Age,AGE_ONE
ADVANCE_SEAMANSHIP,0,kv,Prerequisites,ADVANCE_SAILS
ADVANCE_SEAMANSHIP,1,kv,Prerequisites,ADVANCE_ASTRONOMY
ADVANCE_SEAMANSHIP,2,kv,Cost,1400
ADVANCE_SEAMANSHIP,3,kv,Icon,ICON_ADVANCE_SEAMANSHIP
ADVANCE_SEAMANSHIP,4,kv,Branch,0
ADVANCE_SEAMANSHIP,5,kv,Age,AGE_ONE
ADVANCE_SHIP_BUILDING,0,kv,Prerequisites,ADVANCE_TOOLMAKING
ADVANCE_SHIP_BUILDING,1,kv,Cost,390
ADVANCE_SHIP_BUILDING,2,kv,Icon,ICON_ADVANCE_SHIP_BUILDING
ADVANCE_SHIP_BUILDING,3,kv,Branch,0
ADVANCE_SHIP_BUILDING,4,kv,Age,AGE_ONE
ADVANCE_SIEGE_WEAPONS,0,kv,Prerequisites,ADVANCE_COMPOSITE_BOW
ADVANCE_SIEGE_WEAPONS,1,kv,Prerequisites,ADVANCE_GEOMETRY
ADVANCE_SIEGE_WEAPONS,2,kv,Cost,15470
ADVANCE_SIEGE_WEAPONS,3,kv,Icon,ICON_ADVANCE_SIEGE_WEAPONS
ADVANCE_SIEGE_WEAPONS,4,kv,Branch,0
ADVANCE_SIEGE_WEAPONS,5,kv,Age,AGE_TWO
ADVANCE_SLAVE_LABOR,0,kv,Prerequisites,ADVANCE_RELIGION
ADVANCE_SLAVE_LABOR,1,kv,Prerequisites,ADVANCE_STONE_WORKING
ADVANCE_SLAVE_LABOR,2,kv,Cost,555
ADVANCE_SLAVE_LABOR,3,kv,Icon,ICON_ADVANCE_SLAVE_LABOR
ADVANCE_SLAVE_LABOR,4,kv,Branch,0
ADVANCE_SLAVE_LABOR,5,kv,Age,AGE_ONE
ADVANCE_SMART_MATERIALS,0,kv,Prerequisites,ADVANCE_CYBERNETICS
ADVANCE_SMART_MATERIALS,1,kv,Prerequisites,ADVANCE_NANO_WARFARE
ADVANCE_SMART_MATERIALS,2,kv,Cost,175320
ADVANCE_SMART_MATERIALS,3,kv,Icon,ICON_ADVANCE_SMART_MATERIALS
ADVANCE_SMART_MATERIALS,4,kv,Branch,0
ADVANCE_SMART_MATERIALS,5,kv,Age,AGE_NINE
ADVANCE_SPACE_FLIGHT,0,kv,Prerequisites,ADVANCE_ADVANCED_COMPOSITES
ADVANCE_SPACE_FLIGHT,1,kv,Prerequisites,ADVANCE_FUEL_CELLS
ADVANCE_SPACE_FLIGHT,2,kv,Cost,143980
ADVANCE_SPACE_FLIGHT,3,kv,Icon,ICON_ADVANCE_SPACE_FLIGHT
ADVANCE_SPACE_FLIGHT,4,kv,Branch,0
ADVANCE_SPACE_FLIGHT,5,kv,Age,AGE_SEVEN
ADVANCE_STEAM_POWER,0,kv,Prerequisites,ADVANCE_FLINTLOCK
ADVANCE_STEAM_POWER,1,kv,Prerequisites,ADVANCE_INDUSTRIAL_REVOLUTION
ADVANCE_STEAM_POWER,2,kv,Cost,40000
ADVANCE_STEAM_POWER,3,kv,Icon,ICON_ADVANCE_STEAM_POWER
ADVANCE_STEAM_POWER,4,kv,Branch,0
ADVANCE_STEAM_POWER,5,kv,Age,AGE_FIVE
ADVANCE_STEAM_POWER,6,flag,Railroads,
ADVANCE_STEEL,0,kv,Prerequisites,ADVANCE_EXPLOSIVES
ADVANCE_STEEL,1,kv,Cost,50000
ADVANCE_STEEL,2,kv,Icon,ICON_ADVANCE_STEEL
ADVANCE_STEEL,3,kv,Branch,0
ADVANCE_STEEL,4,kv,Age,AGE_SIX
ADVANCE_STIRRUP,0,kv,Prerequisites,ADVANCE_TRIBUNAL_EMPIRE
ADVANCE_STIRRUP,1,kv,Cost,20000
ADVANCE_STIRRUP,2,kv,Icon,ICON_ADVANCE_STIRRUP
ADVANCE_STIRRUP,3,kv,Branch,0
ADVANCE_STIRRUP,4,kv,Age,AGE_TWO
ADVANCE_STONE_WORKING,0,kv,Cost,255
ADVANCE_STONE_WORKING,1,kv,Icon,ICON_ADVANCE_STONE_WORKING
ADVANCE_STONE_WORKING,2,kv,Branch,0
ADVANCE_STONE_WORKING,3,kv,Age,AGE_ONE
ADVANCE_SUBNEURAL_ADS,0,kv,Prerequisites,ADVANCE_SUBNEURAL_ADS
ADVANCE_SUBNEURAL_ADS,1,kv,Cost,40000000
ADVANCE_SUBNEURAL_ADS,2,kv,Icon,ICON_ADVANCE_DEFAULT
ADVANCE_SUBNEURAL_ADS,3,kv,Branch,0
ADVANCE_SUBNEURAL_ADS,4,kv,Age,AGE_SIX
ADVANCE_SUBNEURAL_ADS,5,flag,GLHidden,
ADVANCE_SULTANATE,0,kv,Prerequisites,ADVANCE_CALIPHATE
ADVANCE_SULTANATE,1,kv,Cost,40000
ADVANCE_SULTANATE,2,kv,Icon,ICON_ADVANCE_SULTANATE
ADVANCE_SULTANATE,3,kv,Branch,0
ADVANCE_SULTANATE,4,kv,Age,AGE_THREE
ADVANCE_SUPERSONIC_FLIGHT,0,kv,Prerequisites,ADVANCE_CORPORATE_REPUBLIC
ADVANCE_SUPERSONIC_FLIGHT,1,kv,Prerequisites,ADVANCE_JET_PROPULSION
ADVANCE_SUPERSONIC_FLIGHT,2,kv,Cost,93870
ADVANCE_SUPERSONIC_FLIGHT,3,kv,Icon,ICON_ADVANCE_SUPERSONIC_FLIGHT
ADVANCE_SUPERSONIC_FLIGHT,4,kv,Branch,0
ADVANCE_SUPERSONIC_FLIGHT,5,kv,Age,AGE_SIX
ADVANCE_TANK_WARFARE,0,kv,Prerequisites,ADVANCE_JET_PROPULSION
ADVANCE_TANK_WARFARE,1,kv,Prerequisites,ADVANCE_MOBILE_WARFARE
ADVANCE_TANK_WARFARE,2,kv,Cost,81040
ADVANCE_TANK_WARFARE,3,kv,Icon,ICON_ADVANCE_TANK_WARFARE
ADVANCE_TANK_WARFARE,4,kv,Branch,0
ADVANCE_TANK_WARFARE,5,kv,Age,AGE_SIX
ADVANCE_TECHNOCRACY,0,kv,Prerequisites,ADVANCE_GLOBAL_COMMUNICATIONS
ADVANCE_TECHNOCRACY,1,kv,Prerequisites,ADVANCE_ROBOTICS
ADVANCE_TECHNOCRACY,2,kv,Cost,150760
ADVANCE_TECHNOCRACY,3,kv,Icon,ICON_ADVANCE_TECHNOCRACY
ADVANCE_TECHNOCRACY,4,kv,Branch,0
ADVANCE_TECHNOCRACY,5,kv,Age,AGE_SEVEN
ADVANCE_THEOLOGY,0,kv,Prerequisites,ADVANCE_DARK_AGES
ADVANCE_THEOLOGY,1,kv,Prerequisites,ADVANCE_CIVIC_ENGINEERING
ADVANCE_THEOLOGY,2,kv,Cost,28000
ADVANCE_THEOLOGY,3,kv,Icon,ICON_ADVANCE_THEOLOGY
ADVANCE_THEOLOGY,4,kv,Branch,0
ADVANCE_THEOLOGY,5,kv,Age,AGE_THREE
ADVANCE_THEOCRACY,0,kv,Prerequisites,ADVANCE_THEOCRACYA
ADVANCE_THEOCRACY,1,kv,Prerequisites,ADVANCE_DARK_AGES
ADVANCE_THEOCRACY,2,kv,Cost,30000
ADVANCE_THEOCRACY,3,kv,Icon,ICON_ADVANCE_THEOCRACY
ADVANCE_THEOCRACY,4,kv,Branch,0
ADVANCE_THEOCRACY,5,kv,Age,AGE_THREE
ADVANCE_THEOCRATIC_MONARCHY,0,kv,Prerequisites,ADVANCE_THEOCMONARCHY
ADVANCE_THEOCRATIC_MONARCHY,1,kv,Prerequisites,ADVANCE_DARK_AGES
ADVANCE_THEOCRATIC_MONARCHY,2,kv,Cost,30000
ADVANCE_THEOCRATIC_MONARCHY,3,kv,Icon,ICON_ADVANCE_THEOCRATIC_MONARCHY
ADVANCE_THEOCRATIC_MONARCHY,4,kv,Branch,0
ADVANCE_THEOCRATIC_MONARCHY,5,kv,Age,AGE_THREE
ADVANCE_TOOLMAKING,0,kv,Cost,165
ADVANCE_TOOLMAKING,1,kv,Icon,ICON_ADVANCE_TOOLMAKING
ADVANCE_TOOLMAKING,2,kv,Branch,0
ADVANCE_TOOLMAKING,3,kv,Age,AGE_ONE
ADVANCE_TOOLMAKING,4,flag,Transform,
ADVANCE_TRADE,0,kv,Prerequisites,ADVANCE_POTTERY
ADVANCE_TRADE,1,kv,Prerequisites,ADVANCE_WHEEL
ADVANCE_TRADE,2,kv,Cost,1135
ADVANCE_TRADE,3,kv,Icon,ICON_ADVANCE_TRADE
ADVANCE_TRADE,4,kv,Branch,0
ADVANCE_TRADE,5,kv,Age,AGE_ONE
ADVANCE_TRADE,6,flag,Roads,
ADVANCE_TRADE,7,kv,KeyAdvanceAdvice,KEY_GROWTH_ADVANCE_ADVICE
ADVANCE_TRADE_GUILDS,0,kv,Prerequisites,ADVANCE_BANKING
ADVANCE_TRADE_GUILDS,1,kv,Prerequisites,ADVANCE_ASTROLABE
ADVANCE_TRADE_GUILDS,2,kv,Cost,29970
ADVANCE_TRADE_GUILDS,3,kv,Icon,ICON_ADVANCE_TRADE_GUILDS
ADVANCE_TRADE_GUILDS,4,kv,Branch,0
ADVANCE_TRADE_GUILDS,5,kv,Age,AGE_THREE
ADVANCE_TRIBES,0,kv,Prerequisites,ADVANCE_AGRICULTURE
ADVANCE_TRIBES,1,kv,Prerequisites,ADVANCE_WHEEL
ADVANCE_TRIBES,2,kv,Cost,460
ADVANCE_TRIBES,3,kv,Icon,ICON_ADVANCE_TRIBES
ADVANCE_TRIBES,4,kv,Branch,0
ADVANCE_TRIBES,5,kv,Age,AGE_ONE
ADVANCE_TRIBUNAL_EMPIRE,0,kv,Prerequisites,ADVANCE_BUREAUCRACY
ADVANCE_TRIBUNAL_EMPIRE,1,kv,Prerequisites,ADVANCE_CITY_STATE
ADVANCE_TRIBUNAL_EMPIRE,2,kv,Cost,22000
ADVANCE_TRIBUNAL_EMPIRE,3,kv,Icon,ICON_ADVANCE_TRIBUNAL_EMPIRE
ADVANCE_TRIBUNAL_EMPIRE,4,kv,Branch,0
ADVANCE_TRIBUNAL_EMPIRE,5,kv,Age,AGE_TWO
ADVANCE_ULTRAPRESSURE_MACHINERY,0,kv,Prerequisites,ADVANCE_LIQUID_BREATHING_APPARATUS
ADVANCE_ULTRAPRESSURE_MACHINERY,1,kv,Prerequisites,ADVANCE_NANO_ASSEMBLY
ADVANCE_ULTRAPRESSURE_MACHINERY,2,kv,Cost,164030
ADVANCE_ULTRAPRESSURE_MACHINERY,3,kv,Icon,ICON_ADVANCE_ULTRAPRESSURE_MACHINERY
ADVANCE_ULTRAPRESSURE_MACHINERY,4,kv,Branch,0
ADVANCE_ULTRAPRESSURE_MACHINERY,5,kv,Age,AGE_EIGHT
ADVANCE_UNIFIED_PHYSICS,0,kv,Prerequisites,ADVANCE_CHAOS_THEORY
ADVANCE_UNIFIED_PHYSICS,1,kv,Prerequisites,ADVANCE_DIGITAL_ENCRYPTION
ADVANCE_UNIFIED_PHYSICS,2,kv,Cost,160310
ADVANCE_UNIFIED_PHYSICS,3,kv,Icon,ICON_ADVANCE_UNIFIED_PHYSICS
ADVANCE_UNIFIED_PHYSICS,4,kv,Branch,0
ADVANCE_UNIFIED_PHYSICS,5,kv,Age,AGE_EIGHT
ADVANCE_VERTICAL_FLIGHT_AIRCRAFT,0,kv,Prerequisites,ADVANCE_AERODYNAMICS
ADVANCE_VERTICAL_FLIGHT_AIRCRAFT,1,kv,Prerequisites,ADVANCE_CORPORATION
ADVANCE_VERTICAL_FLIGHT_AIRCRAFT,2,kv,Cost,80620
ADVANCE_VERTICAL_FLIGHT_AIRCRAFT,3,kv,Icon,ICON_ADVANCE_VERTICAL_FLIGHT_AIRCRAFT
ADVANCE_VERTICAL_FLIGHT_AIRCRAFT,4,kv,Branch,0
ADVANCE_VERTICAL_FLIGHT_AIRCRAFT,5,kv,Age,AGE_SIX
ADVANCE_VERNACULAR_PROSE,0,kv,Prerequisites,ADVANCE_RENAISSANCE
ADVANCE_VERNACULAR_PROSE,1,kv,Prerequisites,ADVANCE_CHIVALRY
ADVANCE_VERNACULAR_PROSE,2,kv,Cost,27116
ADVANCE_VERNACULAR_PROSE,3,kv,Icon,ICON_ADVANCE_VERNACULAR_PROSE
ADVANCE_VERNACULAR_PROSE,4,kv,Branch,0
ADVANCE_VERNACULAR_PROSE,5,kv,Age,AGE_FOUR
ADVANCE_VIRTUAL_DEMOCRACY,0,kv,Prerequisites,ADVANCE_DIGITAL_ENCRYPTION
ADVANCE_VIRTUAL_DEMOCRACY,1,kv,Prerequisites,ADVANCE_NEURAL_INTERFACE
ADVANCE_VIRTUAL_DEMOCRACY,2,kv,Cost,172020
ADVANCE_VIRTUAL_DEMOCRACY,3,kv,Icon,ICON_ADVANCE_VIRTUAL_DEMOCRACY
ADVANCE_VIRTUAL_DEMOCRACY,4,kv,Branch,0
ADVANCE_VIRTUAL_DEMOCRACY,5,kv,Age,AGE_EIGHT
ADVANCE_WATER_LIFTS,0,kv,Prerequisites,ADVANCE_AGRICULTURE
ADVANCE_WATER_LIFTS,1,kv,Prerequisites,ADVANCE_ASTRONOMY
ADVANCE_WATER_LIFTS,2,kv,Cost,680
ADVANCE_WATER_LIFTS,3,kv,Icon,ICON_ADVANCE_WATER_LIFTS
ADVANCE_WATER_LIFTS,4,kv,Branch,0
ADVANCE_WATER_LIFTS,5,kv,Age,AGE_ONE
ADVANCE_WHEEL,0,kv,Prerequisites,ADVANCE_TOOLMAKING
ADVANCE_WHEEL,1,kv,Cost,460
ADVANCE_WHEEL,2,kv,Icon,ICON_ADVANCE_WHEEL
ADVANCE_WHEEL,3,kv,Branch,0
ADVANCE_WHEEL,4,kv,Age,AGE_ONE
ADVANCE_WOOD_WORKING,0,kv,Prerequisites,ADVANCE_TRIBES
ADVANCE_WOOD_WORKING,1,kv,Cost,820
ADVANCE_WOOD_WORKING,2,kv,Icon,ICON_ADVANCE_WOOD_WORKING
ADVANCE_WOOD_WORKING,3,kv,Branch,0
ADVANCE_WOOD_WORKING,4,kv,Age,AGE_ONE
ADVANCE_WRITING,0,kv,Cost,330
ADVANCE_WRITING,1,kv,Icon,ICON_ADVANCE_WRITING
ADVANCE_WRITING,2,kv,Branch,0
ADVANCE_WRITING,3,kv,Age,AGE_ONE
ADVANCE_YEOMANRY,0,kv,Prerequisites,ADVANCE_MONARCHY
ADVANCE_YEOMANRY,1,kv,Cost,24000
ADVANCE_YEOMANRY,2,kv,Icon,ICON_ADVANCE_YEOMANRY
ADVANCE_YEOMANRY,3,kv,Branch,0
ADVANCE_YEOMANRY,4,kv,Age,AGE_THREE
ADVANCE_HEXTAPUL,0,kv,Prerequisites,ADVANCE_GAIA_CONTROLLER
ADVANCE_HEXTAPUL,1,kv,Cost,20000000
ADVANCE_HEXTAPUL,2,kv,Icon,ICON_ADVANCE_HEXTAPUL
ADVANCE_HEXTAPUL,3,kv,Branch,0
ADVANCE_HEXTAPUL,4,kv,Age,AGE_TEN
ADVANCE_THEOCRACYA,0,kv,Prerequisites,ADVANCE_GAIA_CONTROLLER
ADVANCE_THEOCRACYA,1,kv,Cost,20000000
ADVANCE_THEOCRACYA,2,kv,Icon,ICON_ADVANCE_HEXTAPUL
ADVANCE_THEOCRACYA,3,kv,Branch,0
ADVANCE_THEOCRACYA,4,kv,Age,AGE_SIX
ADVANCE_THEOCMONARCHY,0,kv,Prerequisites,ADVANCE_GAIA_CONTROLLER
ADVANCE_THEOCMONARCHY,1,kv,Cost,20000000
ADVANCE_THEOCMONARCHY,2,kv,Icon,ICON_ADVANCE_HEXTAPUL
ADVANCE_THEOCMONARCHY,3,kv,Branch,0
ADVANCE_THEOCMONARCHY,4,kv,Age,AGE_SIX
ADVANCE_CALIPHATEA,0,kv,Prerequisites,ADVANCE_GAIA_CONTROLLER
ADVANCE_CALIPHATEA,1,kv,Cost,20000000
ADVANCE_CALIPHATEA,2,kv,Icon,ICON_ADVANCE_HEXTAPUL
ADVANCE_CALIPHATEA,3,kv,Branch,0
ADVANCE_CALIPHATEA,4,kv,Age,AGE_SIX
ADVANCE_CONSTMONARCHY,0,kv,Prerequisites,ADVANCE_GAIA_CONTROLLER
ADVANCE_CONSTMONARCHY,1,kv,Cost,20000000
ADVANCE_CONSTMONARCHY,2,kv,Icon,ICON_ADVANCE_HEXTAPUL
ADVANCE_CONSTMONARCHY,3,kv,Branch,0
ADVANCE_CONSTMONARCHY,4,kv,Age,AGE_SIX
ADVANCE_DYNEMPIRE,0,kv,Prerequisites,ADVANCE_GAIA_CONTROLLER
ADVANCE_DYNEMPIRE,1,kv,Cost,20000000
ADVANCE_DYNEMPIRE,2,kv,Icon,ICON_ADVANCE_HEXTAPUL
ADVANCE_DYNEMPIRE,3,kv,Branch,0
ADVANCE_DYNEMPIRE,4,kv,Age,AGE_SIX
ADVANCE_VASSAL_STATE,0,kv,Prerequisites,ADVANCE_GAIA_CONTROLLER
ADVANCE_VASSAL_STATE,1,kv,Cost,20000000
ADVANCE_VASSAL_STATE,2,kv,Icon,ICON_ADVANCE_VASSAL_STATE
ADVANCE_VASSAL_STATE,3,kv,Branch,0
ADVANCE_VASSAL_STATE,4,kv,Age,AGE_SIX
ADVANCE_ROYAL_WEDDING,0,kv,Prerequisites,ADVANCE_GAIA_CONTROLLER
ADVANCE_ROYAL_WEDDING,1,kv,Cost,20000000
ADVANCE_ROYAL_WEDDING,2,kv,Icon,ICON_ADVANCE_ROYAL_WEDDING
ADVANCE_ROYAL_WEDDING,3,kv,Branch,0
ADVANCE_ROYAL_WEDDING,4,kv,Age,AGE_SIX
ADVANCE_BUDDHISM,0,kv,Prerequisites,ADVANCE_DYNEMPIRE
ADVANCE_BUDDHISM,1,kv,Prerequisites,ADVANCE_MONOTHEISM
ADVANCE_BUDDHISM,2,kv,Cost,800
ADVANCE_BUDDHISM,3,kv,Icon,ICON_ADVANCE_BUDDHISM
ADVANCE_BUDDHISM,4,kv,Branch,0
ADVANCE_BUDDHISM,5,kv,Age,AGE_ONE
ADVANCE_POLYTHEISM,0,kv,Prerequisites,ADVANCE_THEOCMONARCHY
ADVANCE_POLYTHEISM,1,kv,Prerequisites,ADVANCE_MONOTHEISM
ADVANCE_POLYTHEISM,2,kv,Cost,800
ADVANCE_POLYTHEISM,3,kv,Icon,ICON_ADVANCE_POLYTHEISM
ADVANCE_POLYTHEISM,4,kv,Branch,0
ADVANCE_POLYTHEISM,5,kv,Age,AGE_ONE
ADVANCE_EXEDOUS,0,kv,Prerequisites,ADVANCE_CONSTMONARCHY
ADVANCE_EXEDOUS,1,kv,Prerequisites,ADVANCE_MONOTHEISM
ADVANCE_EXEDOUS,2,kv,Cost,800
ADVANCE_EXEDOUS,3,kv,Icon,ICON_ADVANCE_EXEDOUS
ADVANCE_EXEDOUS,4,kv,Branch,0
ADVANCE_EXEDOUS,5,kv,Age,AGE_ONE
ADVANCE_TRUE_BELIEF,0,kv,Prerequisites,ADVANCE_CALIPHATEA
ADVANCE_TRUE_BELIEF,1,kv,Prerequisites,ADVANCE_MONOTHEISM
ADVANCE_TRUE_BELIEF,2,kv,Cost,800
ADVANCE_TRUE_BELIEF,3,kv,Icon,ICON_ADVANCE_TRUE_BELIEF
ADVANCE_TRUE_BELIEF,4,kv,Branch,0
ADVANCE_TRUE_BELIEF,5,kv,Age,AGE_ONE
ADVANCE_OLD_TESTAMENT,0,kv,Prerequisites,ADVANCE_THEOCRACYA
ADVANCE_OLD_TESTAMENT,1,kv,Prerequisites,ADVANCE_MONOTHEISM
ADVANCE_OLD_TESTAMENT,2,kv,Cost,800
ADVANCE_OLD_TESTAMENT,3,kv,Icon,ICON_ADVANCE_OLD_TESTAMENT
ADVANCE_OLD_TESTAMENT,4,kv,Branch,0
ADVANCE_OLD_TESTAMENT,5,kv,Age,AGE_ONE
