ident,name,cost,upkeep,prerequisite,replaces,terrain_prereq,race_restriction,description
IMPROVE_AIR_SHIP,Air Ship,200,0,,,,be built in Draconian Towns,Air Ship Race Draconians Req. Town Buildings Ship Yard Construction Cost 200 Upkeep Cost 4 1 Unit Properties # of figures 1 Moves 4 Melee Attack per figure 5 Ranged Attack per figure 10 Defense per fi
IMPROVE_ALCHEMISTS_GUILD,Alchemists' Guild,250,0,,,,,"Alchemists' Guild Races All except Gnolls , Klackons , Lizardmen and Trolls . Construction Cost 250 Upkeep Cost 3 Sells for 83 Standard Effects Increases a town's Power output by exactly +3 ."
IMPROVE_ANCIENT_TEMPLE,Ancient Temple,0,0,,,,Wizards possessing any Death books),"An Ancient Temple is one of the seven most basic Encounter Zone types. These are among the easier Encounters (relatively speaking), where the sites themselves have no added functionality."
IMPROVE_ANIMISTS_GUILD,Animists' Guild,300,0,,,,be constructed by the High Elves,Animists' Guild Races High Elves High Men Nomads Orcs Beastmen Dark Elves Draconians Trolls Construction Cost 300 Upkeep Cost 5 Sells for 100 Standard Effects Reduces Unrest by 1.
IMPROVE_ARMORERS_GUILD,Armorers' Guild,350,0,,,,be required in a major unit-production center,Armorers' Guild Races All except Gnolls and Halflings . Construction Cost 350 Upkeep Cost 4 Sells for 116 Building Progression Units Unlocked Racial + Racial + Racial An Armorers' Guild is a type of T
IMPROVE_ARMORY,Armory,80,0,,,,purpose is to act as a storage house for the weapons produced at the Smithy,Armory Races All Construction Cost 80 Upkeep Cost 2 Sells for 26 Building Progression Units Unlocked Standard Racial An Armory is a type of Town Building .
IMPROVE_BANK,Bank,250,0,,,,be built by the High Elves,Bank Races High Elves High Men Nomads Orcs Beastmen Dark Elves Draconians Construction Cost 250 Upkeep Cost 3 Sells for 83 Standard Effects Increases a town's Gold output by 50% of the current amount 
IMPROVE_BARBARIAN_BOWMEN,Barbarian Bowmen,30,0,,,,in yellow trousers,"Barbarian Bowmen Race Barbarians Req. Town Buildings Barracks , Sawmill Construction Cost 30 Upkeep Cost 1 1 Unit Properties # of figures 6 Moves 1 Melee Attack per figure 1 Ranged Attack per figure 1"
IMPROVE_BARBARIAN_CAVALRY,Barbarian Cavalry,60,0,,,,,"Barbarian Cavalry Race Barbarian Req. Town Buildings Barracks , Stables Construction Cost 60 Upkeep Cost 2 1 Unit Properties # of figures 4 Moves 2 Melee Attack per figure 4 Defense per figure 2 Resis"
IMPROVE_BARBARIAN_SETTLERS,Barbarian Settlers,60,0,,,,real purpose is to create a new settlement for their Race,Barbarian Settlers Race Barbarian Req. Town Buildings None Construction Cost 60 Upkeep Cost 2 1 Unit Properties # of figures 1 Moves 1 Defense per figure 1 Resistance 5 Hit Points per figure 10 Unit A
IMPROVE_BARBARIAN_SHAMANS,Barbarian Shamans,50,0,,,,,Barbarian Shamans Race Barbarians Req. Town Buildings Shrine Construction Cost 50 Upkeep Cost 1 1 Unit Properties # of figures 4 Moves 1 Melee Attack per figure 2 Ranged Attack per figure 2 ( ) Defens
IMPROVE_BARBARIAN_SPEARMEN,Barbarian Spearmen,15,0,,,,most Races,Barbarian Spearmen Race Barbarians Req. Town Buildings None Construction Cost 15 Upkeep Cost 1 Unit Properties # of figures 8 Moves 1 Melee Attack per figure 1 Defense per figure 2 Resistance 5 Hit Po
IMPROVE_BARBARIAN_SWORDSMEN,Barbarian Swordsmen,30,0,,,,all Races,"Barbarian Swordsmen Race Barbarians Req. Town Buildings Barracks , Smithy Construction Cost 30 Upkeep Cost 1 1 Unit Properties # of figures 6 Moves 1 Melee Attack per figure 3 Defense per figure 2 Res"
IMPROVE_BARRACKS,Barracks,30,0,,,,if no other existing Town Buildings in the same town have the Barracks as a prerequisite,Barracks Races All Construction Cost 30 Upkeep Cost None Sells for 10 Building Progression Units Unlocked + Standard + Standard Racial + Standard Racial + Racial A Barracks is a type of Town Building 
IMPROVE_BEASTMEN_BOWMEN,Beastmen Bowmen,60,0,,,,in dyed loincloths,"Beastmen Bowmen Race Beastmen Req. Town Buildings Barracks , Sawmill Construction Cost 60 Upkeep Cost 2 1 Unit Properties # of figures 6 Moves 1 Melee Attack per figure 2 Ranged Attack per figure 1 De"
IMPROVE_BEASTMEN_ENGINEERS,Beastmen Engineers,60,0,,,,in dyed tunics,Beastmen Engineers Race Beastmen Req. Town Buildings Builders' Hall Construction Cost 60 Upkeep Cost 2 1 Unit Properties # of figures 6 Moves 1 Melee Attack per figure 2 Defense per figure 1 Resistanc
IMPROVE_BEASTMEN_HALBERDIERS,Beastmen Halberdiers,80,0,,,,in dyed loincloths,Beastmen Halberdiers Race Beastmen Req. Town Buildings Armory Construction Cost 80 Upkeep Cost 2 1 Unit Properties # of figures 6 Moves 1 Melee Attack per figure 5 Defense per figure 3 Resistance 5 Hi
IMPROVE_BEASTMEN_MAGICIANS,Beastmen Magicians,180,0,,,,,Beastmen Magicians Race Beastmen Req. Town Buildings Wizards' Guild Construction Cost 180 Upkeep Cost 4 1 Unit Properties # of figures 4 Moves 1 Melee Attack per figure 2 Ranged Attack per figure 5 ( 
IMPROVE_BEASTMEN_PRIESTS,Beastmen Priests,150,0,,,,,Beastmen Priests Race Beastmen Req. Town Buildings Parthenon Construction Cost 150 Upkeep Cost 3 1 Unit Properties # of figures 4 Moves 1 Melee Attack per figure 4 Ranged Attack per figure 4 ( ) Defen
IMPROVE_BEASTMEN_SETTLERS,Beastmen Settlers,120,0,,,,real purpose is to create a new settlement for their Race,Beastmen Settlers Race Beastmen Req. Town Buildings None Construction Cost 120 Upkeep Cost 3 1 Unit Properties # of figures 1 Moves 1 Melee Attack per figure 1 Defense per figure 1 Resistance 5 Hit Po
IMPROVE_BEASTMEN_SPEARMEN,Beastmen Spearmen,20,0,,,,most Races,Beastmen Spearmen Race Beastmen Req. Town Buildings None Construction Cost 20 Upkeep Cost 1 Unit Properties # of figures 8 Moves 1 Melee Attack per figure 2 Defense per figure 2 Resistance 5 Hit Point
IMPROVE_BEASTMEN_SWORDSMEN,Beastmen Swordsmen,40,0,,,,all Races,"Beastmen Swordsmen Race Beastmen Req. Town Buildings Barracks , Smithy Construction Cost 40 Upkeep Cost 1 1 Unit Properties # of figures 6 Moves 1 Melee Attack per figure 4 Defense per figure 2 Resist"
IMPROVE_BERSERKERS,Berserkers,120,0,,,,increase their damage output when making voluntary attacks,Berserkers Race Barbarians Req. Town Buildings Armorers' Guild Construction Cost 120 Upkeep Cost 3 1 Unit Properties # of figures 6 Moves 1 Melee Attack per figure 7 * Defense per figure 3 Resistance 
IMPROVE_BOWMEN,Bowmen,30,0,,,,,"Bowmen Req. Town Buildings Barracks , Sawmill Variants Barbarian Bowmen Gnoll Bowmen Halfling Bowmen High Men Bowmen Nomad Bowmen Orc Bowmen Beastmen Bowmen Draconian Bowmen Baseline Properties Constr"
IMPROVE_BUILDERS_HALL,Builders' Hall,60,0,,,,1 per turn for its maintenance,Builders' Hall Races All Construction Cost 60 Upkeep Cost 1 Sells for 20 Building Progression Units Unlocked Standard A Builders' Hall is a type of Town Building .
IMPROVE_CATAPULT,Catapult,100,0,,,,be constructed by High Elves,Catapult Race High Elves High Men Nomads Orcs Beastmen Dark Elves Req.
IMPROVE_CATHEDRAL,Cathedral,800,0,,,,be built by the Halflings,Cathedral Races Halflings High Men Nomads Orcs Beastmen Draconians Trolls Construction Cost 800 Upkeep Cost 4 Sells for 266 Standard Effects Reduces Unrest in this town by 1 and increases Power output
IMPROVE_CAVALRY,Cavalry,40,0,,,,,"Cavalry Req. Town Buildings Barracks , Stables Variants Barbarian Cavalry High Elf Cavalry High Men Cavalry Orc Cavalry Dark Elf Cavalry Baseline Properties Construction Cost 40 Upkeep Cost 1 1 # of f"
IMPROVE_CENTAURS,Centaurs,100,0,,,,be created at a Beastmen town,"Centaurs Race Beastmen Req. Town Buildings Barracks , Stables Construction Cost 100 Upkeep Cost 2 1 Unit Properties # of figures 4 Moves 2 Melee Attack per figure 3 Ranged Attack per figure 2 Defense "
IMPROVE_CITY_WALLS,City Walls,150,0,,,,entryway is through a small gate,City Walls Races All Construction Cost 150 Upkeep Cost 2 Sells for 25 Standard Effects Increases town's enemy detection range to 3 tiles and has many ramifications on siege combat at this town: It pro
IMPROVE_COAL,Coal,0,0,,,,,Coal is a fairly-rare type of Terrain Special - specifically one of the Minerals .
IMPROVE_DARK_ELF_CAVALRY,Dark Elf Cavalry,100,0,,,,,"Dark Elf Cavalry Race Dark Elves Req. Town Buildings Barracks , Stables Construction Cost 100 Upkeep Cost 2 1 Unit Properties # of figures 4 Moves 2 Melee Attack per figure 4 Ranged Attack per figure "
IMPROVE_DARK_ELF_HALBERDIERS,Dark Elf Halberdiers,100,0,,,,,Dark Elf Halberdiers Race Dark Elves Req. Town Buildings Armory Construction Cost 100 Upkeep Cost 2 1 Unit Properties # of figures 6 Moves 1 Melee Attack per figure 4 Ranged Attack per figure 1 ( ) De
IMPROVE_DARK_ELF_PRIESTS,Dark Elf Priests,200,0,,,,,Dark Elf Priests Race Dark Elves Req. Town Buildings Parthenon Construction Cost 200 Upkeep Cost 4 1 Unit Properties # of figures 4 Moves 1 Melee Attack per figure 3 Ranged Attack per figure 6 ( ) Def
IMPROVE_DARK_ELF_SETTLERS,Dark Elf Settlers,150,0,,,,real purpose is to create a new settlement for their Race,Dark Elf Settlers Race Dark Elves Req. Town Buildings None Construction Cost 150 Upkeep Cost 3 1 Unit Properties # of figures 1 Moves 1 Defense per figure 1 Resistance 7 Hit Points per figure 10 Unit 
IMPROVE_DARK_ELF_SPEARMEN,Dark Elf Spearmen,25,0,,,,most Races,Dark Elf Spearmen Race Dark Elves Req. Town Buildings None Construction Cost 25 Upkeep Cost 1 Unit Properties # of figures 8 Moves 1 Melee Attack per figure 1 Ranged Attack per figure 1 ( ) Defense pe
IMPROVE_DARK_ELF_SWORDSMEN,Dark Elf Swordsmen,50,0,,,,all Races,"Dark Elf Swordsmen Race Dark Elves Req. Town Buildings Barracks , Smithy Construction Cost 50 Upkeep Cost 1 1 Unit Properties # of figures 6 Moves 1 Melee Attack per figure 3 Ranged Attack per figure "
IMPROVE_DOOM_DRAKES,Doom Drakes,160,0,,,,be built in Draconian towns,"Doom Drakes Race Draconians Req. Town Buildings Barracks , Stables Construction Cost 160 Upkeep Cost 4 1 Unit Properties # of figures 2 Moves 3 Melee Attack per figure 8 Defense per figure 3 Resistanc"
IMPROVE_DRACONIAN_BOWMEN,Draconian Bowmen,45,0,,,,,"Draconian Bowmen Race Draconians Req. Town Buildings Barracks , Sawmill Construction Cost 45 Upkeep Cost 1 1 Unit Properties # of figures 6 Moves 2 Melee Attack per figure 1 Ranged Attack per figure 1"
IMPROVE_DRACONIAN_ENGINEERS,Draconian Engineers,100,0,,,,in the early versions of Master of Magic – prior to the official 1,Draconian Engineers Race Draconians Req. Town Buildings Builders' Hall Construction Cost 100 Upkeep Cost 2 1 Unit Properties # of figures 6 Moves 2 Melee Attack per figure 1 Defense per figure 2 Resis
IMPROVE_DRACONIAN_HALBERDIERS,Draconian Halberdiers,100,0,,,,,Draconian Halberdiers Race Draconians Req. Town Buildings Armory Construction Cost 100 Upkeep Cost 2 1 Unit Properties # of figures 6 Moves 2 Melee Attack per figure 4 Defense per figure 4 Resistance 
IMPROVE_DRACONIAN_MAGICIANS,Draconian Magicians,180,0,,,,,Draconian Magicians Race Draconians Req. Town Buildings Wizards' Guild Construction Cost 180 Upkeep Cost 4 1 Unit Properties # of figures 4 Moves 2 Melee Attack per figure 1 Ranged Attack per figure 5
IMPROVE_DRACONIAN_SETTLERS,Draconian Settlers,150,0,,,,real purpose is to create a new settlement for their Race,Draconian Settlers Race Draconians Req. Town Buildings None Construction Cost 150 Upkeep Cost 3 1 Unit Properties # of figures 1 Moves 1 Defense per figure 2 Resistance 6 Hit Points per figure 10 Unit
IMPROVE_DRACONIAN_SHAMANS,Draconian Shamans,75,0,,,,,Draconian Shamans Race Draconians Req. Town Buildings Shrine Construction Cost 75 Upkeep Cost 2 1 Unit Properties # of figures 4 Moves 2 Melee Attack per figure 2 Ranged Attack per figure 2 ( ) Defens
IMPROVE_DRACONIAN_SPEARMEN,Draconian Spearmen,25,0,,,,most Races,Draconian Spearmen Race Draconians Req. Town Buildings None Construction Cost 25 Upkeep Cost 1 Unit Properties # of figures 8 Moves 2 Melee Attack per figure 1 Defense per figure 3 Resistance 6 Hit Po
IMPROVE_DRACONIAN_SWORDSMEN,Draconian Swordsmen,50,0,,,,all Races,"Draconian Swordsmen Race Draconians Req. Town Buildings Barracks , Smithy Construction Cost 50 Upkeep Cost 1 1 Unit Properties # of figures 6 Moves 2 Melee Attack per figure 3 Defense per figure 3 Res"
IMPROVE_DRAGON_TURTLE,Dragon Turtle,100,0,,,,has one figure per unit,"Dragon Turtle Race Lizardmen Req. Town Buildings Armorers' Guild , Stables Construction Cost 100 Upkeep Cost 2 1 Unit Properties # of figures 1 Moves 2 / 2 Melee Attack per figure 10 * Defense per fig"
IMPROVE_DWARF_ENGINEERS,Dwarf Engineers,40,0,,,,,Dwarf Engineers Race Dwarves Req. Town Buildings Builders' Hall Construction Cost 40 Upkeep Cost 1 1 Unit Properties # of figures 6 Moves 1 Melee Attack per figure 1 Defense per figure 1 Resistance 8 
IMPROVE_DWARF_HALBERDIERS,Dwarf Halberdiers,100,0,,,,,Dwarf Halberdiers Race Dwarves Req. Town Buildings Armory Construction Cost 100 Upkeep Cost 2 1 Unit Properties # of figures 6 Moves 1 Melee Attack per figure 4 Defense per figure 3 Resistance 8 Hit P
IMPROVE_DWARF_SETTLERS,Dwarf Settlers,150,0,,,,real purpose is to create a new settlement for their Race,Dwarf Settlers Race Dwarves Req. Town Buildings None Construction Cost 150 Upkeep Cost 3 1 Unit Properties # of figures 1 Moves 1 Defense per figure 1 Resistance 8 Hit Points per figure 30 Unit Abilit
IMPROVE_DWARF_SWORDSMEN,Dwarf Swordsmen,50,0,,,,all Races,"Dwarf Swordsmen Race Dwarves Req. Town Buildings Barracks , Smithy Construction Cost 50 Upkeep Cost 1 Unit Properties # of figures 6 Moves 1 Melee Attack per figure 3 Defense per figure 2 Resistance 8"
IMPROVE_ELVEN_LORDS,Elven Lords,160,0,,,,,Elven Lords Race High Elves Req. Town Buildings Armorers' Guild Construction Cost 160 Upkeep Cost 4 1 Unit Properties # of figures 4 Moves 2 Melee Attack per figure 5 * Defense per figure 4 Resistance
IMPROVE_ENGINEERS,Engineers,40,0,,,,,Engineers Req. Town Buildings Builders' Hall Variants High Men Engineers Klackon Engineers Orc Engineers Beastmen Engineers Draconian Engineers * Dwarf Engineers Baseline Properties Construction Cost 
IMPROVE_FALLEN_TEMPLE,Fallen Temple,0,0,,,,Wizards possessing any Death books),"A Fallen Temple is one of the seven most basic Encounter Zone types. These are among the easier Encounters (relatively speaking), where the sites themselves have no added functionality."
IMPROVE_FANTASTIC_STABLE,Fantastic Stable,600,0,,,,be constructed by four Races : High Elves,Fantastic Stable Races High Elves Nomads Orcs Dark Elves Construction Cost 600 Upkeep Cost 6 Sells for 200 Building Progression Units Unlocked Racial The Fantastic Stable is a type of Town Building .
IMPROVE_FARMERS_MARKET,Farmers' Market,100,0,,,,,"Farmers' Market Races All Construction Cost 100 Upkeep Cost 2 Sells for 33 Standard Effects Increases Food production by exactly +3 , Maximum Population by 3, and Population Growth effectively by +40 "
IMPROVE_FIGHTERS_GUILD,Fighters' Guild,200,0,,,,,Fighters' Guild Races All Construction Cost 200 Upkeep Cost 3 Sells for 66 Standard Effects All new Normal Units produced in this town start with 20 Experience points .
IMPROVE_FLYING_FORTRESS,Flying Fortress,0,0,,,,be cast on a friendly Town on the overland map,"Buggy Feature As of Master of Magic v1.31 , Flying Fortress is known to be malfunctioning in at least one way. Please read the Known Bugs section below."
IMPROVE_FORESTERS_GUILD,Foresters' Guild,200,0,,,TERRAIN_FOREST,,"Foresters' Guild Races All except Lizardmen Construction Cost 200 Upkeep Cost 2 Sells for 66 Standard Effects Increases Food production by +1 or +2 , and increases the total Production of all the town"
IMPROVE_FORTRESS,Fortress,0,0,,,,a single Fortress,"The Fortress is a unique and certainly irregular Town Building . Each empire has only a single Fortress, normally located in the empire's starting Town . No additional Fortresses may be built."
IMPROVE_GALLEY,Galley,100,0,,,,,Galley Race Barbarians Gnolls High Elves High Men Nomads Orcs Dark Elves Draconians Req.
IMPROVE_GNOLL_BOWMEN,Gnoll Bowmen,30,0,,,,,"Gnoll Bowmen Race Gnolls Req. Town Buildings Barracks , Sawmill Construction Cost 30 Upkeep Cost 1 1 Unit Properties # of figures 6 Moves 1 Melee Attack per figure 3 Ranged Attack per figure 1 Defense"
IMPROVE_GNOLL_HALBERDIERS,Gnoll Halberdiers,40,0,,,,five units in the game capable of negating the First Strike ability possessed by many mounted units,Gnoll Halberdiers Race Gnolls Req. Town Buildings Armory Construction Cost 40 Upkeep Cost 1 1 Unit Properties # of figures 6 Moves 1 Melee Attack per figure 6 Defense per figure 3 Resistance 4 Hit Poi
IMPROVE_GNOLL_SETTLERS,Gnoll Settlers,60,0,,,,real purpose is to create a new settlement for their Race,Gnoll Settlers Race Gnolls Req. Town Buildings None Construction Cost 60 Upkeep Cost 2 1 Unit Properties # of figures 1 Moves 1 Melee Attack per figure 2 Defense per figure 1 Resistance 4 Hit Points p
IMPROVE_GNOLL_SPEARMEN,Gnoll Spearmen,10,0,,,,most Races,Gnoll Spearmen Race Gnolls Req. Town Buildings None Construction Cost 10 Upkeep Cost 1 Unit Properties # of figures 8 Moves 1 Melee Attack per figure 3 Defense per figure 2 Resistance 4 Hit Points per
IMPROVE_GNOLL_SWORDSMEN,Gnoll Swordsmen,20,0,,,,all Races,"Gnoll Swordsmen Race Gnolls Req. Town Buildings Barracks , Smithy Construction Cost 20 Upkeep Cost 1 1 Unit Properties # of figures 6 Moves 1 Melee Attack per figure 5 Defense per figure 2 Resistance "
IMPROVE_GOLEM,Golem,200,0,,,,be created at a Dwarf town,Golem Race Dwarves Req. Town Buildings Armorers' Guild Construction Cost 200 Upkeep Cost 4 1 Unit Properties # of figures 1 Moves 1 Melee Attack per figure 12 * Defense per figure 8 Resistance 15 * Hi
IMPROVE_GRANARY,Granary,40,0,,,,,"Granary Races All Construction Cost 40 Upkeep Cost 1 Sells for 13 Standard Effects Increases Food production by exactly +2 , Maximum Population by 2, and Population Growth effectively by +30."
IMPROVE_GRIFFINS,Griffins,200,0,,,,be built in Nomad towns,Griffins Race Nomads Req. Town Buildings Fantastic Stable Construction Cost 200 Upkeep Cost 4 1 Unit Properties # of figures 2 Moves 2 Melee Attack per figure 9 * Defense per figure 5 Resistance 7 * H
IMPROVE_HALBERDIERS,Halberdiers,40,0,,,,,Halberdiers Req. Town Buildings Armory Variants Gnoll Halberdiers High Elf Halberdiers Klackon Halberdiers Lizardmen Halberdiers Orc Halberdiers Beastmen Halberdiers Dark Elf Halberdiers Draconian Hal
IMPROVE_HALFLING_BOWMEN,Halfling Bowmen,45,0,,,,skipped as a result,"Halfling Bowmen Race Halflings Req. Town Buildings Barracks , Sawmill Construction Cost 45 Upkeep Cost 1 1 Unit Properties # of figures 6 Moves 1 Melee Attack per figure 1 Ranged Attack per figure 1 D"
IMPROVE_HALFLING_SETTLERS,Halfling Settlers,90,0,,,,real purpose is to create a new settlement for their Race,Halfling Settlers Race Halflings Req. Town Buildings None Construction Cost 90 Upkeep Cost 2 1 Unit Properties # of figures 1 Moves 1 Defense per figure 1 Resistance 6 Hit Points per figure 10 Unit Ab
IMPROVE_HALFLING_SHAMANS,Halfling Shamans,75,0,,,,Halflings seen to wear shoes (black boots,Halfling Shamans Race Halflings Req. Town Buildings Shrine Construction Cost 75 Upkeep Cost 2 1 Unit Properties # of figures 4 Moves 1 Melee Attack per figure 1 Ranged Attack per figure 2 ( ) Defense 
IMPROVE_HALFLING_SPEARMEN,Halfling Spearmen,15,0,,,,most Races,Halfling Spearmen Race Halflings Req. Town Buildings None Construction Cost 15 Upkeep Cost 1 Unit Properties # of figures 8 Moves 1 Melee Attack per figure 1 Defense per figure 2 Resistance 6 Hit Poin
IMPROVE_HALFLING_SWORDSMEN,Halfling Swordsmen,30,0,,,,all Races,"Halfling Swordsmen Race Halflings Req. Town Buildings Barracks , Smithy Construction Cost 30 Upkeep Cost 1 1 Unit Properties # of figures 8 Moves 1 Melee Attack per figure 2 Defense per figure 2 Resis"
IMPROVE_HAMMERHANDS,Hammerhands,160,0,,,,be created at a Dwarf town,Hammerhands Race Dwarves Req. Town Buildings Fighters' Guild Construction Cost 160 Upkeep Cost 4 1 Unit Properties # of figures 6 Moves 1 Melee Attack per figure 8 * Defense per figure 4 Resistance 9 
IMPROVE_HIGH_ELF_CAVALRY,High Elf Cavalry,60,0,,,,,"High Elf Cavalry Race High Elves Req. Town Buildings Barracks , Stables Construction Cost 60 Upkeep Cost 2 1 Unit Properties # of figures 4 Moves 2 Melee Attack per figure 4 Defense per figure 2 Resis"
IMPROVE_HIGH_ELF_HALBERDIERS,High Elf Halberdiers,60,0,,,,,High Elf Halberdiers Race High Elves Req. Town Buildings Armory Construction Cost 60 Upkeep Cost 2 1 Unit Properties # of figures 6 Moves 1 Melee Attack per figure 4 Defense per figure 3 Resistance 6 
IMPROVE_HIGH_ELF_MAGICIANS,High Elf Magicians,180,0,,,,,High Elf Magicians Race High Elves Req. Town Buildings Wizards' Guild Construction Cost 180 Upkeep Cost 4 1 Unit Properties # of figures 4 Moves 2 Melee Attack per figure 1 Ranged Attack per figure 5 
IMPROVE_HIGH_ELF_SETTLERS,High Elf Settlers,90,0,,,,real purpose is to create a new settlement for their Race,High Elf Settlers Race High Elves Req. Town Buildings None Construction Cost 90 Upkeep Cost 2 1 Unit Properties # of figures 1 Moves 1 Defense per figure 1 Resistance 6 Hit Points per figure 10 Unit A
IMPROVE_HIGH_ELF_SPEARMEN,High Elf Spearmen,15,0,,,,most Races,High Elf Spearmen Race High Elves Req. Town Buildings None Construction Cost 15 Upkeep Cost 1 Unit Properties # of figures 8 Moves 1 Melee Attack per figure 1 Defense per figure 2 Resistance 6 Hit Poi
IMPROVE_HIGH_ELF_SWORDSMEN,High Elf Swordsmen,30,0,,,,all Races,"High Elf Swordsmen Race High Elves Req. Town Buildings Barracks , Smithy Construction Cost 30 Upkeep Cost 1 1 Unit Properties # of figures 6 Moves 1 Melee Attack per figure 3 Defense per figure 2 Resi"
IMPROVE_HIGH_MEN_BOWMEN,High Men Bowmen,30,0,,,,,"High Men Bowmen Race High Men Req. Town Buildings Barracks , Sawmill Construction Cost 30 Upkeep Cost 1 1 Unit Properties # of figures 6 Moves 1 Melee Attack per figure 1 Ranged Attack per figure 1 De"
IMPROVE_HIGH_MEN_CAVALRY,High Men Cavalry,40,0,,,,,"High Men Cavalry Race High Men Req. Town Buildings Barracks , Stables Construction Cost 40 Upkeep Cost 1 1 Unit Properties # of figures 4 Moves 2 Melee Attack per figure 4 Defense per figure 2 Resista"
IMPROVE_HIGH_MEN_ENGINEERS,High Men Engineers,40,0,,,,,High Men Engineers Race High Men Req. Town Buildings Builders' Hall Construction Cost 40 Upkeep Cost 1 1 Unit Properties # of figures 6 Moves 1 Melee Attack per figure 1 Defense per figure 1 Resistanc
IMPROVE_HIGH_MEN_MAGICIANS,High Men Magicians,120,0,,,,,High Men Magicians Race High Men Req. Town Buildings Wizards' Guild Construction Cost 120 Upkeep Cost 3 1 Unit Properties # of figures 6 Moves 1 Melee Attack per figure 1 Ranged Attack per figure 5 ( 
IMPROVE_HIGH_MEN_PIKEMEN,High Men Pikemen,80,0,,,,available to two Races,High Men Pikemen Race High Men Req. Town Buildings Fighters' Guild Construction Cost 80 Upkeep Cost 2 1 Unit Properties # of figures 8 Moves 1 Melee Attack per figure 5 * Defense per figure 3 Resistan
IMPROVE_HIGH_MEN_PRIESTS,High Men Priests,100,0,,,,,High Men Priests Race High Men Req. Town Buildings Parthenon Construction Cost 100 Upkeep Cost 2 1 Unit Properties # of figures 4 Moves 1 Melee Attack per figure 3 Ranged Attack per figure 4 ( ) Defen
IMPROVE_HIGH_MEN_SETTLERS,High Men Settlers,60,0,,,,real purpose is to create a new settlement for their Race,High Men Settlers Race High Men Req. Town Buildings None Construction Cost 60 Upkeep Cost 2 1 Unit Properties # of figures 1 Moves 1 Defense per figure 1 Resistance 4 Hit Points per figure 10 Unit Abi
IMPROVE_HIGH_MEN_SPEARMEN,High Men Spearmen,10,0,,,,most Races,High Men Spearmen Race High Men Req. Town Buildings None Construction Cost 10 Upkeep Cost 1 Unit Properties # of figures 8 Moves 1 Melee Attack per figure 1 Defense per figure 2 Resistance 4 Hit Point
IMPROVE_HIGH_MEN_SWORDSMEN,High Men Swordsmen,20,0,,,,all Races,"High Men Swordsmen Race High Men Req. Town Buildings Barracks , Smithy Construction Cost 20 Upkeep Cost 1 1 Unit Properties # of figures 6 Moves 1 Melee Attack per figure 3 Defense per figure 2 Resist"
IMPROVE_HORSEBOWMEN,Horsebowmen,60,0,,,,,"Horsebowmen Race Nomads Req. Town Buildings Barracks , Stables Construction Cost 60 Upkeep Cost 2 1 Unit Properties # of figures 4 Moves 2 Melee Attack per figure 4 Ranged Attack per figure 2 Defense "
IMPROVE_JAVELINEERS,Javelineers,80,0,,,,,Javelineers Race Lizardmen Req. Town Buildings Fighters' Guild Construction Cost 80 Upkeep Cost 2 1 Unit Properties # of figures 6 Moves 1 / 1 Melee Attack per figure 4 * Ranged Attack per figure 3 * 
IMPROVE_KLACKON_ENGINEERS,Klackon Engineers,80,0,,,,,Klackon Engineers Race Klackons Req. Town Buildings Builders' Hall Construction Cost 80 Upkeep Cost 2 1 Unit Properties # of figures 6 Moves 1 Melee Attack per figure 1 Defense per figure 1 Resistance
IMPROVE_KLACKON_HALBERDIERS,Klackon Halberdiers,80,0,,,,,Klackon Halberdiers Race Klackons Req. Town Buildings Armory Construction Cost 80 Upkeep Cost 2 1 Unit Properties # of figures 6 Moves 1 Melee Attack per figure 4 Defense per figure 5 Resistance 5 Hit
IMPROVE_KLACKON_SETTLERS,Klackon Settlers,120,0,,,,real purpose is to create a new settlement for their Race,Klackon Settlers Race Klackons Req. Town Buildings None Construction Cost 120 Upkeep Cost 3 1 Unit Properties # of figures 1 Moves 1 Defense per figure 1 Resistance 5 Hit Points per figure 10 Unit Abi
IMPROVE_KLACKON_SPEARMEN,Klackon Spearmen,20,0,,,,most Races,Klackon Spearmen Race Klackons Req. Town Buildings None Construction Cost 20 Upkeep Cost 1 Unit Properties # of figures 8 Moves 1 Melee Attack per figure 1 Defense per figure 4 Resistance 5 Hit Points
IMPROVE_KLACKON_SWORDSMEN,Klackon Swordsmen,40,0,,,,all Races,"Klackon Swordsmen Race Klackons Req. Town Buildings Barracks , Smithy Construction Cost 40 Upkeep Cost 1 1 Unit Properties # of figures 6 Moves 1 Melee Attack per figure 3 Defense per figure 4 Resista"
IMPROVE_LIBRARY,Library,60,0,,,,,Library Races All Construction Cost 60 Upkeep Cost 1 Sells for 20 Standard Effects Increases a town's Research Points output by +2 . Building Progression The Library is a type of Town Building .
IMPROVE_LIZARDMEN_HALBERDIERS,Lizardmen Halberdiers,40,0,,,,five units in the game capable of negating the First Strike ability possessed by many mounted units,Lizardmen Halberdiers Race Lizardmen Req. Town Buildings Armory Construction Cost 40 Upkeep Cost 1 1 Unit Properties # of figures 6 Moves 1 / 1 Melee Attack per figure 4 Defense per figure 4 Resistanc
IMPROVE_LIZARDMEN_SETTLERS,Lizardmen Settlers,120,0,,,,real purpose is to create a new settlement for their Race,Lizardmen Settlers Race Lizardmen Req. Town Buildings None Construction Cost 120 Upkeep Cost 3 1 Unit Properties # of figures 1 Moves 1 / 1 Defense per figure 2 Resistance 4 Hit Points per figure 20 U
IMPROVE_LIZARDMEN_SHAMANS,Lizardmen Shamans,60,0,,,,,Lizardmen Shamans Race Lizardmen Req. Town Buildings Shrine Construction Cost 60 Upkeep Cost 2 1 Unit Properties # of figures 4 Moves 1 / 1 Melee Attack per figure 2 Ranged Attack per figure 2 ( ) Def
IMPROVE_LIZARDMEN_SPEARMEN,Lizardmen Spearmen,10,0,,,,most Races,Lizardmen Spearmen Race Lizardmen Req. Town Buildings None Construction Cost 10 Upkeep Cost 1 Unit Properties # of figures 8 Moves 1 / 1 Melee Attack per figure 1 Defense per figure 3 Resistance 4 Hit
IMPROVE_LIZARDMEN_SWORDSMEN,Lizardmen Swordsmen,20,0,,,,all Races,"Lizardmen Swordsmen Race Lizardmen Req. Town Buildings Barracks , Smithy Construction Cost 20 Upkeep Cost 1 1 Unit Properties # of figures 6 Moves 1 / 1 Melee Attack per figure 3 Defense per figure 3 "
IMPROVE_LONGBOWMEN,Longbowmen,80,0,,,,,"Longbowmen Race High Elves Req. Town Buildings Barracks , Sawmill Construction Cost 80 Upkeep Cost 2 1 Unit Properties # of figures 6 Moves 1 Melee Attack per figure 1 Ranged Attack per figure 3 Defen"
IMPROVE_MAGICIANS,Magicians,120,0,,,,,Magicians Req. Town Buildings Wizards' Guild Variants High Elf Magicians High Men Magicians Orc Magicians Beastmen Magicians Draconian Magicians Baseline Properties Construction Cost 120 Upkeep Cost 3
IMPROVE_MANTICORES,Manticores,160,0,,,,be built in Beastmen towns,"Manticores Race Beastmen Req. Town Buildings Barracks , Animists' Guild Construction Cost 160 Upkeep Cost 4 1 Unit Properties # of figures 2 Moves 2 Melee Attack per figure 5 Defense per figure 3 Resi"
IMPROVE_MARITIME_GUILD,Maritime Guild,400,0,,,TERRAIN_WATER_SHALLOW,by the Barbarians,Maritime Guild Races Barbarians High Men Orcs Construction Cost 400 Upkeep Cost 4 Sells for 133 Building Progression Units Unlocked Standard A Maritime Guild is a type of Town Building .
IMPROVE_MARKETPLACE,Marketplace,100,0,,,,,Marketplace Races All Construction Cost 100 Upkeep Cost 1 Sells for 33 Standard Effects Increases a town's Gold output by 50% of the current amount generated from Taxation and Minerals .
IMPROVE_MECHANICIANS_GUILD,Mechanicians' Guild,600,0,,,,be built by 6 races,Mechanicians' Guild Races High Elves High Men Nomads Orcs Beastmen Dark Elves Construction Cost 600 Upkeep Cost 5 Sells for 200 Standard Effects Increases Production by 50% of the total output of the 
IMPROVE_MERCHANTS_GUILD,Merchants' Guild,600,0,,,TERRAIN_WATER_SHALLOW,be built by the High Elves,Merchants' Guild Races High Elves High Men Nomads Orcs Dark Elves Draconians Construction Cost 600 Upkeep Cost 5 Sells for 200 Standard Effects Doubles the town's Gold income from Taxation and Mineral
IMPROVE_MINERS_GUILD,Miners' Guild,300,0,,,,,Miners' Guild Races All except Lizardmen and Trolls . Construction Cost 300 Upkeep Cost 3 Sells for 100 Standard Effects Increases Production by 50% of the total output of the town's citizens.
IMPROVE_MINOTAURS,Minotaurs,200,0,,,,be created at a Beastmen town,Minotaurs Race Beastmen Req. Town Buildings Armorers' Guild Construction Cost 200 Upkeep Cost 4 1 Unit Properties # of figures 2 Moves 1 Melee Attack per figure 12 * Defense per figure 4 Resistance 7 
IMPROVE_MOVE_FORTRESS,Move Fortress,0,0,,,,be cast on the overland map,"Move Fortress Realm Nature Spell Rarity Rare Spell Type Instant Casting Cost 200 Research Cost 1,500 Effects Moves the casting Wizard's Fortress to the targeted Town ."
IMPROVE_NIGHTBLADES,Nightblades,120,0,,,,be created at a Dark Elf town,Nightblades Race Dark Elves Req. Town Buildings Fighters' Guild Construction Cost 120 Upkeep Cost 3 1 Unit Properties # of figures 6 Moves 1 Melee Attack per figure 4 * Defense per figure 3 Resistance
IMPROVE_NIGHTMARES,Nightmares,160,0,,,,be created at a Dark Elf town,Nightmares Race Dark Elves Req. Town Buildings Fantastic Stable Construction Cost 160 Upkeep Cost 4 1 Unit Properties # of figures 2 Moves 3 Melee Attack per figure 8 * Ranged Attack per figure 5 * De
IMPROVE_NOMAD_BOWMEN,Nomad Bowmen,30,0,,,,,"Nomad Bowmen Race Nomads Req. Town Buildings Barracks , Sawmill Construction Cost 30 Upkeep Cost 1 1 Unit Properties # of figures 6 Moves 1 Melee Attack per figure 1 Ranged Attack per figure 1 Defense"
IMPROVE_NOMAD_PIKEMEN,Nomad Pikemen,80,0,,,,available to two Races,Nomad Pikemen Race Nomads Req. Town Buildings Fighters' Guild Construction Cost 80 Upkeep Cost 2 1 Unit Properties # of figures 8 Moves 1 Melee Attack per figure 5 * Defense per figure 3 Resistance 5 
IMPROVE_NOMAD_PRIESTS,Nomad Priests,100,0,,,,,Nomad Priests Race High Men Req. Town Buildings Parthenon Construction Cost 100 Upkeep Cost 2 1 Unit Properties # of figures 4 Moves 1 Melee Attack per figure 3 Ranged Attack per figure 4 ( ) Defense 
IMPROVE_NOMAD_SETTLERS,Nomad Settlers,60,0,,,,real purpose is to create a new settlement for their Race,Nomad Settlers Race Nomads Req. Town Buildings None Construction Cost 60 Upkeep Cost 2 1 Unit Properties # of figures 1 Moves 1 Defense per figure 1 Resistance 4 Hit Points per figure 10 Unit Abilitie
IMPROVE_NOMAD_SPEARMEN,Nomad Spearmen,10,0,,,,most Races,Nomad Spearmen Race Nomads Req. Town Buildings None Construction Cost 10 Upkeep Cost 1 Unit Properties # of figures 8 Moves 1 Melee Attack per figure 1 Defense per figure 2 Resistance 4 Hit Points per
IMPROVE_NOMAD_SWORDSMEN,Nomad Swordsmen,20,0,,,,all Races,"Nomad Swordsmen Race Nomads Req. Town Buildings Barracks , Smithy Construction Cost 20 Upkeep Cost 1 1 Unit Properties # of figures 6 Moves 1 Melee Attack per figure 3 Defense per figure 2 Resistance "
IMPROVE_ORACLE,Oracle,500,0,,,,be built by the High Men,Oracle Races High Men Nomads Orcs Beastmen Dark Elves Draconians Construction Cost 500 Upkeep Cost 4 Sells for 166 Standard Effects Reduces Unrest in this town by 2.
IMPROVE_ORC_BOWMEN,Orc Bowmen,30,0,,,,,"Orc Bowmen Race Orcs Req. Town Buildings Barracks , Sawmill Construction Cost 30 Upkeep Cost 1 1 Unit Properties # of figures 6 Moves 1 Melee Attack per figure 1 Ranged Attack per figure 1 Defense per"
IMPROVE_ORC_CAVALRY,Orc Cavalry,40,0,,,,,"Orc Cavalry Race Orcs Req. Town Buildings Barracks , Stables Construction Cost 40 Upkeep Cost 1 1 Unit Properties # of figures 4 Moves 2 Melee Attack per figure 4 Defense per figure 2 Resistance 4 Hit"
IMPROVE_ORC_ENGINEERS,Orc Engineers,40,0,,,,,Orc Engineers Race Orcs Req. Town Buildings Builders' Hall Construction Cost 40 Upkeep Cost 1 1 Unit Properties # of figures 6 Moves 1 Melee Attack per figure 1 Defense per figure 1 Resistance 4 Hit P
IMPROVE_ORC_HALBERDIERS,Orc Halberdiers,40,0,,,,,Orc Halberdiers Race Orcs Req. Town Buildings Armory Construction Cost 40 Upkeep Cost 1 1 Unit Properties # of figures 6 Moves 1 Melee Attack per figure 4 Defense per figure 3 Resistance 4 Hit Points 
IMPROVE_ORC_MAGICIANS,Orc Magicians,120,0,,,,,Orc Magicians Race Orcs Req. Town Buildings Wizards' Guild Construction Cost 120 Upkeep Cost 3 1 Unit Properties # of figures 4 Moves 1 Melee Attack per figure 1 Ranged Attack per figure 5 ( ) Defense
IMPROVE_ORC_SETTLERS,Orc Settlers,60,0,,,,real purpose is to create a new settlement for their Race,Orc Settlers Race Orcs Req. Town Buildings None Construction Cost 60 Upkeep Cost 2 1 Unit Properties # of figures 1 Moves 1 Defense per figure 1 Resistance 4 Hit Points per figure 10 Unit Abilities Cr
IMPROVE_ORC_SHAMANS,Orc Shamans,60,0,,,,,Orc Shamans Race Orcs Req. Town Buildings Shrine Construction Cost 60 Upkeep Cost 2 1 Unit Properties # of figures 4 Moves 1 Melee Attack per figure 2 Ranged Attack per figure 2 ( ) Defense per figure
IMPROVE_ORC_SPEARMEN,Orc Spearmen,10,0,,,,most Races,Orc Spearmen Race Orcs Req. Town Buildings None Construction Cost 10 Upkeep Cost 1 Unit Properties # of figures 8 Moves 1 Melee Attack per figure 1 Defense per figure 2 Resistance 4 Hit Points per fig
IMPROVE_ORC_SWORDSMEN,Orc Swordsmen,20,0,,,,all Races,"Orc Swordsmen Race Orcs Req. Town Buildings Barracks , Smithy Construction Cost 20 Upkeep Cost 1 1 Unit Properties # of figures 6 Moves 1 Melee Attack per figure 3 Defense per figure 2 Resistance 4 Hi"
IMPROVE_PALADINS,Paladins,200,0,,,,,"Paladins Race High Men Req. Town Buildings Armorers' Guild , Cathedral Construction Cost 200 Upkeep Cost 4 1 Unit Properties # of figures 4 Moves 2 Melee Attack per figure 6 * Defense per figure 5 Res"
IMPROVE_PARTHENON,Parthenon,400,0,,,,be built by the Barbarians,Parthenon Races Barbarians Halflings High Men Nomads Orcs Beastmen Dark Elves Draconians Trolls Construction Cost 400 Upkeep Cost 3 Sells for 133 Standard Effects Reduces Unrest in this town by 1 and 
IMPROVE_PEGASAI,Pegasai,160,0,,,,has 2 figures,Pegasai Race High Elves Req. Town Buildings Fantastic Stable Construction Cost 160 Upkeep Cost 4 1 Unit Properties # of figures 2 Moves 3 Melee Attack per figure 5 * Ranged Attack per figure 3 * Defen
IMPROVE_PIKEMEN,Pikemen,80,0,,,,High Men Pikemen and Nomad Pikemen,Pikemen Req. Town Buildings Fighters' Guild Variants High Men Pikemen Nomad Pikemen Baseline Properties Construction Cost 80 Upkeep Cost 2 1 # of figures 8 Moves 1 Melee Attack per figure 5 * Defense 
IMPROVE_PRIESTS,Priests,100,0,,,,,Priests Req. Town Buildings Parthenon Variants High Men Priests Nomad Priests Beastmen Priests Dark Elf Priests Baseline Properties Construction Cost 100 Upkeep Cost 2 1 # of figures 4 Moves 1 Melee A
IMPROVE_RANGERS,Rangers,120,0,,,,be created at a Nomad town,"Rangers Race Nomads Req. Town Buildings Barracks , Animists' Guild Construction Cost 120 Upkeep Cost 3 1 Unit Properties # of figures 4 Moves 2 Melee Attack per figure 4 Ranged Attack per figure 3 Def"
IMPROVE_SAGES_GUILD,Sages' Guild,120,0,,,,,"Sages' Guild Races All except Gnolls , Klackons , Lizardmen and Trolls ."
IMPROVE_SAWMILL,Sawmill,100,0,,,TERRAIN_FOREST,,Sawmill Races All except Lizardmen Construction Cost 100 Upkeep Cost 2 Sells for 33 Standard Effects Increases the total Production of a town's citizens by 25%.
IMPROVE_SETTLERS,Settlers,60,0,,,,units that can do so,Settlers Req. Town Buildings None Variants Barbarian Settlers Gnoll Settlers Halfling Settlers High Elf Settlers High Men Settlers Klackon Settlers Lizardmen Settlers Nomad Settlers Orc Settlers Beast
IMPROVE_SHAMANS,Shamans,50,0,,,,,Shamans Req. Town Buildings Shrine Variants Barbarian Shamans Halfling Shamans Lizardmen Shamans Orc Shamans Draconian Shamans Troll Shamans Baseline Properties Construction Cost 50 Upkeep Cost 1 1 # 
IMPROVE_SHIP_YARD,Ship Yard,200,0,,,TERRAIN_WATER_SHALLOW,about half of the races can build a Ship Yard,Ship Yard Races Barbarians Gnolls High Elves High Men Nomads Orcs Dark Elves Draconians Construction Cost 200 Upkeep Cost 2 Sells for 66 Building Progression Units Unlocked Standard Racial The Ship Ya
IMPROVE_SHIPWRIGHTS_GUILD,Shipwrights' Guild,100,0,,,,,Shipwrights' Guild Races All except Lizardmen Construction Cost 100 Upkeep Cost 1 Sells for 33 Building Progression Units Unlocked Standard A Shipwrights' Guild is a type of Town Building .
IMPROVE_SHRINE,Shrine,100,0,,,,,"Shrine Races All Construction Cost 100 Upkeep Cost 1 Sells for 33 Standard Effects Reduces Unrest in this town by 1, increases Power output by +1 , and enables the use of Nightshade when available."
IMPROVE_SLINGERS,Slingers,100,0,,,,,Slingers Race Halflings Req. Town Buildings Armory Construction Cost 100 Upkeep Cost 2 1 Unit Properties # of figures 8 Moves 1 Melee Attack per figure 1 Ranged Attack per figure 2 Defense per figure 
IMPROVE_SMITHY,Smithy,40,0,,,,,Smithy Races All Construction Cost 40 Upkeep Cost 1 Sells for 13 Building Progression Units Unlocked + Standard A Smithy is a type of Town Building .
IMPROVE_SPEARMEN,Spearmen,10,0,,,,every Race except the Dwarves,Spearmen Req. Town Buildings None Variants Barbarian Spearmen Gnoll Spearmen Halfling Spearmen High Elf Spearmen High Men Spearmen Klackon Spearmen Lizardmen Spearmen Nomad Spearmen Orc Spearmen Beast
IMPROVE_STABLES,Stables,80,0,,,,,Stables Races All except Halflings and Dwarves Construction Cost 80 Upkeep Cost 2 Sells for 26 Building Progression Units Unlocked + Standard Racial + Racial Stables are a type of Town Building .
IMPROVE_STAG_BEETLE,Stag Beetle,160,0,,,,one figure per unit,"Stag Beetle Race Klackons Req. Town Buildings Armorers' Guild , Stables Construction Cost 160 Upkeep Cost 4 1 Unit Properties # of figures 1 Moves 2 Melee Attack per figure 15 * Defense per figure 7 R"
IMPROVE_STEAM_CANNON,Steam Cannon,180,0,,,,be created at a Dwarf town,Steam Cannon Race Dwarves Req. Town Buildings Miners' Guild Construction Cost 180 Upkeep Cost 4 1 Unit Properties # of figures 1 Moves 1 Ranged Attack per figure 12 Defense per figure 2 Resistance 9 H
IMPROVE_SWORDSMEN,Swordsmen,20,0,,,,every single Race in the game,"Swordsmen Req. Town Buildings Barracks , Smithy Variants Barbarian Swordsmen Gnoll Swordsmen Halfling Swordsmen High Elf Swordsmen High Men Swordsmen Klackon Swordsmen Lizardmen Swordsmen Nomad Swords"
IMPROVE_TEMPLE,Temple,200,0,,,,,Temple Races All except Klackons Construction Cost 200 Upkeep Cost 2 Sells for 66 Standard Effects Reduces Unrest in this town by 1 and increases Power output by +2 .
IMPROVE_TRIREME,Trireme,60,0,,,,be used when the wind is strong,Trireme Race All except Lizardmen Req. Town Buildings Shipwrights' Guild Construction Cost 60 Upkeep Cost 2 1 Unit Properties # of figures 1 Moves 2 Melee Attack per figure 6 Defense per figure 4 Resi
IMPROVE_TROLL_HALBERDIERS,Troll Halberdiers,120,0,,,,five units in the game capable of negating the First Strike ability possessed by many mounted units,Troll Halberdiers Race Trolls Req. Town Buildings Armory Construction Cost 120 Upkeep Cost 3 1 Unit Properties # of figures 4 Moves 1 Melee Attack per figure 6 Defense per figure 3 Resistance 7 Hit Po
IMPROVE_TROLL_SETTLERS,Troll Settlers,180,0,,,,real purpose is to create a new settlement for their Race,Troll Settlers Race Trolls Req. Town Buildings None Construction Cost 180 Upkeep Cost 4 1 Unit Properties # of figures 1 Moves 1 Defense per figure 1 Resistance 7 Hit Points per figure 40 Unit Abiliti
IMPROVE_TROLL_SHAMANS,Troll Shamans,180,0,,,,non-ship Troll unit with a Ranged Attack,Troll Shamans Race Trolls Req. Town Buildings Shrine Construction Cost 180 Upkeep Cost 4 1 Unit Properties # of figures 4 Moves 1 Melee Attack per figure 4 Ranged Attack per figure 2 ( ) Defense per f
IMPROVE_TROLL_SPEARMEN,Troll Spearmen,30,0,,,,most Races,Troll Spearmen Race Trolls Req. Town Buildings None Construction Cost 30 Upkeep Cost 1 Unit Properties # of figures 4 Moves 1 Melee Attack per figure 3 Defense per figure 2 Resistance 7 Hit Points per
IMPROVE_TROLL_SWORDSMEN,Troll Swordsmen,60,0,,,,,"Troll Swordsmen Race Trolls Req. Town Buildings Barracks , Smithy Construction Cost 60 Upkeep Cost 2 1 Unit Properties # of figures 4 Moves 1 Melee Attack per figure 5 Defense per figure 2 Resistance "
IMPROVE_UNIVERSITY,University,300,0,,,,be built by 7 of the races,University Races High Elves High Men Nomads Orcs Beastmen Dark Elves Draconians Construction Cost 300 Upkeep Cost 3 Sells for 100 Standard Effects Increases a town's Research Points output by +5 .
IMPROVE_WAR_COLLEGE,War College,500,0,,,,the 7 advanced races - including the High Elves,War College Races High Elves High Men Nomads Orcs Beastmen Dark Elves Draconians Construction Cost 500 Upkeep Cost 5 Sells for 166 Standard Effects All new Normal Units produced in this town start wit
IMPROVE_WAR_MAMMOTHS,War Mammoths,240,0,,,,be built in Troll towns,"War Mammoths Race Troll Req. Town Buildings Armorers' Guild , Stables Construction Cost 240 Upkeep Cost 5 1 Unit Properties # of figures 2 Moves 2 Melee Attack per figure 10 * Defense per figure 6 Res"
IMPROVE_WAR_TROLLS,War Trolls,160,0,,,,be built in Troll towns,War Trolls Race Troll Req. Town Buildings Fighters' Guild Construction Cost 160 Upkeep Cost 4 1 Unit Properties # of figures 4 Moves 2 Melee Attack per figure 8 * Defense per figure 4 Resistance 8 * H
IMPROVE_WARLOCKS,Warlocks,240,0,,,,be created at a Dark Elf town,Warlocks Race Dark Elves Req. Town Buildings Wizards' Guild Construction Cost 240 Upkeep Cost 5 1 Unit Properties # of figures 4 Moves 1 Melee Attack per figure 1 Ranged Attack per figure 7 Defense pe
IMPROVE_WARSHIP,Warship,160,0,,,,among the fastest units in the game,Warship Race Barbarians High Men Orcs Req. Town Buildings Maritime Guild Construction Cost 160 Upkeep Cost 4 1 Unit Properties # of figures 1 Moves 4 Melee Attack per figure 10 Ranged Attack per figur
IMPROVE_WIZARDS_GUILD,Wizards' Guild,1,0,,,,be built by the High Elves,"Wizards' Guild Races High Elves High Men Orcs Beastmen Dark Elves Draconians Construction Cost 1,000 Upkeep Cost 5 3 Sells for 333 Standard Effects Increases a town's Research Points output by +8 ."
IMPROVE_WOLF_RIDERS,Wolf Riders,100,0,,,,,"Wolf Riders Race Gnolls Req. Town Buildings Barracks , Stables Construction Cost 100 Upkeep Cost 2 1 Unit Properties # of figures 4 Moves 3 Melee Attack per figure 7 Defense per figure 3 Resistance 4 "
IMPROVE_WYVERN_RIDERS,Wyvern Riders,200,0,,,,be built in Orc towns,Wyvern Riders Race Orcs Req. Town Buildings Fantastic Stable Construction Cost 200 Upkeep Cost 4 1 Unit Properties # of figures 2 Moves 3 Melee Attack per figure 5 * Defense per figure 5 Resistance 7 
