ident,name,sphere,rarity,type,target,overland_cost,combat_cost,upkeep,research_cost,effect_kind,description
SPELL_AWARENESS,Awareness,arcane,common,Global Enchantment,--,500,0,3,700,global_enchant,Awareness Realm Arcane Spell Type Global Enchantment Casting Cost 500 Upkeep Cost 3 Research Cost 700 Effects Reveals all rival and neutral Town on both Planes .
SPELL_CREATE_ARTIFACT,Create Artifact,arcane,common,Instant Spell,--,0,0,0,1000,instant_damage,"Create Artifact Realm Arcane Spell Type Instant Spell Casting Cost Varies Upkeep Cost None Research Cost 1,000 Effects Allows the wizard to create a Magical Item with custom-selected properties."
SPELL_DETECT_MAGIC,Detect Magic,arcane,common,Global Enchantment,--,200,0,3,400,global_enchant,"Detect Magic Realm Arcane Spell Type Global Enchantment Casting Cost 200 Upkeep Cost 3 Research Cost 400 Effects Shows which spell each rival wizard is casting, displayed above the wizard's portrait i"
SPELL_DISENCHANT_AREA,Disenchant Area,arcane,common,Instant Spell,Map square,50,50,0,300,instant_damage,Disenchant Area Realm Arcane Spell Type Instant Spell / Combat Instant Casting Cost 50 + up to 200 Combat Cost 50 + up to 200 Research Cost 300 Effects Attempts to dispel all rival spells on the targe
SPELL_DISPEL_MAGIC,Dispel Magic,arcane,common,Instant Spell,Unit,0,10,0,100,dispel,Dispel Magic Realm Arcane Spell Type Combat Instant Combat Cost 10 + up to 40 Research Cost 100 Effects Attempts to dispel all rival spells from a target unit.
SPELL_DISJUNCTION,Disjunction,arcane,common,Instant Spell,Enemy global,200,0,0,750,dispel,Disjunction Realm Arcane Spell Type Instant Spell Casting Cost 200 + up to 800 Research Cost 750 Effects Attempts to dispel a single Global Enchantment cast by a rival wizard.
SPELL_ENCHANT_ITEM,Enchant Item,arcane,common,Instant Spell,--,0,0,0,450,instant_damage,Enchant Item Realm Arcane Spell Type Instant Spell Casting Cost Varies Upkeep Cost None Research Cost 450 Effects Allows the wizard to create one item with custom-selected properties.
SPELL_MAGIC_SPIRIT,Magic Spirit,arcane,common,Summoning Spell,--,30,0,1,0,summon,Magic Spirit Realm Arcane Spell Properties Casting Cost 30 Upkeep Cost 1 per turn Research Cost 20 * Unit Properties # of Figures 1 Moves 1 / 1 Melee Attack per figure 5 Defense per figure 4 Resistanc
SPELL_RECALL_HERO,Recall Hero,arcane,common,Combat Instant,Friendly hero,0,20,0,350,instant_damage,Recall Hero Realm Arcane Spell Type Combat Instant Combat Cost 20 Research Cost 350 Effects Instantly returns a friendly Hero to the Town currently containing the wizard's Summoning Circle .
SPELL_SPELL_OF_MASTERY,Spell of Mastery,arcane,common,Instant Spell,--,5000,0,0,60000,instant_damage,"Spell of Mastery Realm Arcane Spell Type Instant Spell Casting Cost 5,000 Research Cost 60,000 Effects The caster wins the game immediately."
SPELL_SPELL_OF_RETURN,Spell of Return,arcane,common,Instant Spell,Friendly city,1000,0,0,0,instant_damage,"Spell of Return Realm Arcane Spell Type Instant Spell Casting Cost 1,000 Research Cost ( 20 ) * Effects The caster is returned from banishment."
SPELL_SUMMON_CHAMPION,Summon Champion,arcane,common,Summoning Spell,--,750,0,0,1250,summon,
SPELL_SUMMON_HERO,Summon Hero,arcane,common,Summoning Spell,--,300,0,0,500,summon,Summon Hero Realm Arcane Spell Type Summoning Spell Casting Cost 300 Research Cost 500 Effects Summons one non- Champion Hero to your Summoning Circle .
SPELL_SUMMONING_CIRCLE,Summoning Circle,arcane,common,Instant Spell,Friendly city,50,0,0,150,instant_damage,The Summoning Circle is a unique Town feature that is neither a Building nor an Enchantment . It is used to define the starting location of Summoned units for the Wizard .
SPELL_ALTAR_OF_BATTLE,Altar of Battle,life,rare,Town Enchantment,Friendly city,300,0,5,1300,city_enchant,"Altar of Battle Realm Life Spell Rarity Rare Spell Type Town Enchantment Casting Cost 300 Upkeep Cost 5 Research Cost 1,300 Effects Any Normal Unit produced by the enchanted Town is created with 120 E"
SPELL_ANGEL,Angel,life,rare,Summoning Spell,--,550,0,15,1400,summon,"Angel Realm Life Spell Properties Spell Rarity Rare Casting Cost 550 Upkeep Cost 15 per turn Research Cost 1,400 Unit Properties # of Figures 1 Moves 3 Melee Attack per figure 13 Defense per figure 7"
SPELL_ARCH_ANGEL,Arch Angel,life,very rare,Summoning Spell,--,950,0,20,5000,summon,"Arch Angel Realm Life Spell Properties Spell Rarity Very Rare Casting Cost 950 Upkeep Cost 20 per turn Research Cost 5,000 Unit Properties # of Figures 1 Moves 4 Melee Attack per figure 15 Defense per"
SPELL_ASTRAL_GATE,Astral Gate,life,very rare,Town Enchantment,Friendly city,350,0,5,2250,city_enchant,"Astral Gate Realm Life Spell Rarity Very Rare Spell Type Town Enchantment Casting Cost 350 Upkeep Cost 5 Research Cost 2,250 Effects Friendly units in the enchanted town may move to the other Plane fr"
SPELL_BLESS,Bless,life,common,Unit Enchantment,Friendly unit,25,5,1,20,unit_enchant,Bless Realm Life Spell Rarity Common Spell Type Unit Enchantment Casting Cost 25 Combat Cost 5 Upkeep Cost 1 Research Cost 20 Effects Enchanted unit receives +3 and +3 against all attacks and spells a
SPELL_CHARM_OF_LIFE,Charm of Life,life,very rare,Global Enchantment,--,1250,0,10,6000,global_enchant,"Buggy Feature As of Master of Magic v1.31 , Charm of Life is known to be malfunctioning in at least one way. Please read the Known Bugs section below."
SPELL_CONSECRATION,Consecration,life,very rare,Town Enchantment,Friendly city,400,0,8,3000,city_enchant,Research Required This article/section is missing crucial information and may require additional research to answer the following questions: There seem to be one or more exceptions to this spell.
SPELL_CRUSADE,Crusade,life,very rare,Global Enchantment,--,1100,0,10,4500,global_enchant,"Crusade Realm Life Spell Rarity Very Rare Spell Type Global Enchantment Casting Cost 1,100 Upkeep Cost 10 Research Cost 4,500 Effects All friendly Normal Units and Heroes are 1 Experience Level higher"
SPELL_DISPEL_EVIL,Dispel Evil,life,uncommon,Combat Instant,Enemy unit,0,25,0,450,dispel,Dispel Evil Realm Life Spell Rarity Uncommon Spell Type Combat Instant Casting Cost 25 Research Cost 450 Effects Each figure in a target Death or Chaos unit must make a Resistance roll at -4 or be des
SPELL_ENDURANCE,Endurance,life,common,Unit Enchantment,Friendly unit,30,0,1,60,unit_enchant,Endurance Realm Life Spell Rarity Common Spell Type Unit Enchantment Casting Cost 30 Upkeep Cost 1 Research Cost 60 Effects Target unit's Movement Allowance is increased by 1 both on the overland map
SPELL_GUARDIAN_SPIRIT,Guardian Spirit,life,common,Summoning Spell,--,80,0,1,220,summon,Guardian Spirit Realm Life Spell Properties Spell Rarity Common Casting Cost 80 Upkeep Cost 1 per turn Research Cost 220 Unit Properties # of Figures 1 Moves 1 / 1 Melee Attack per figure 10 Defense p
SPELL_HEALING,Healing,life,common,Combat Instant,Friendly unit,0,15,0,100,instant_damage,Healing Realm Life Spell Rarity Common Spell Type Combat Instant Combat Cost 15 Research Cost 100 Effects Heals the target unit by 5 Hit Points - or by however many it would take to return the unit to
SPELL_HEAVENLY_LIGHT,Heavenly Light,life,uncommon,Town Enchantment,Friendly city,150,0,2,740,city_enchant,Heavenly Light Realm Life Spell Rarity Uncommon Spell Type Town Enchantment Casting Cost 150 Upkeep Cost 2 Research Cost 740 Effects Every battle taking place at the target town will be under an effec
SPELL_HEROISM,Heroism,life,common,Unit Enchantment,Friendly normal unit,100,20,2,250,unit_enchant,Heroism Realm Life Spell Rarity Common Spell Type Unit Enchantment Casting Cost 100 Combat Cost 20 Upkeep Cost 2 Research Cost 250 Effects Target Normal Unit 's or Hero 's Experience Level is raised t
SPELL_HIGH_PRAYER,High Prayer,life,very rare,Combat Enchantment,--,0,60,0,1850,unit_enchant,"High Prayer Realm Life Spell Rarity Very Rare Spell Type Combat Enchantment Combat Cost 60 Research Cost 1,850 Effects All friendly units on the battlefield receive the following bonuses: +2 Melee Str"
SPELL_HOLY_ARMOR,Holy Armor,life,common,Unit Enchantment,Friendly normal unit,90,18,2,130,unit_enchant,Holy Armor Realm Life Spell Rarity Common Spell Type Unit Enchantment Casting Cost 90 Combat Cost 18 Upkeep Cost 2 Research Cost 130 Effects Target receives exactly +2 to its Defense score.
SPELL_HOLY_ARMS,Holy Arms,life,very rare,Global Enchantment,--,900,0,10,2500,global_enchant,"Holy Arms Realm Life Spell Rarity Very Rare Spell Type Global Enchantment Casting Cost 900 Upkeep Cost 10 Research Cost 2,500 Effects Each and every friendly Normal Unit and Hero is under the effect o"
SPELL_HOLY_WEAPON,Holy Weapon,life,common,Unit Enchantment,Friendly normal unit,50,10,1,80,unit_enchant,Holy Weapon Realm Life Spell Rarity Common Spell Type Unit Enchantment Casting Cost 50 Combat Cost 10 Upkeep Cost 1 Research Cost 80 Effects Target Normal Unit or Hero receives +10% To Hit with Melee-
SPELL_HOLY_WORD,Holy Word,life,rare,Combat Instant,--,0,60,0,1700,instant_damage,"Holy Word Realm Life Spell Rarity Rare Spell Type Combat Instant Combat Cost 60 Research Cost 1,700 Effects Each and every figure in each and every Fantastic Unit in the enemy army must make a Resista"
SPELL_INCARNATION,Incarnation,life,rare,Summoning Spell,--,500,0,0,960,summon,Incarnation Realm Life Spell Rarity Rare Spell Type Summoning Spell / Instant Spell Casting Cost 500 Research Cost 960 Effects Summons Torin the Chosen to the current location of your Summoning Circle
SPELL_INSPIRATIONS,Inspirations,life,very rare,Town Enchantment,Friendly city,350,0,2,2000,city_enchant,"Inspirations Realm Life Spell Rarity Very Rare Spell Type Town Enchantment Casting Cost 350 Upkeep Cost 2 Research Cost 2,000 Effects Each of the enchanted Town 's citizens yields twice as much Produc"
SPELL_INVULNERABILITY,Invulnerability,life,rare,Unit Enchantment,Friendly unit,200,40,5,1040,unit_enchant,"Buggy Feature As of Master of Magic v1.31 , Invulnerability is known to be malfunctioning in at least one way. Please read the Known Bugs section below."
SPELL_JUST_CAUSE,Just Cause,life,common,Global Enchantment,--,150,0,3,160,global_enchant,Just Cause Realm Life Spell Rarity Common Spell Type Global Enchantment Casting Cost 150 Upkeep Cost 3 Research Cost 160 Effects The casting wizard receives -1 to Unrest in all cities and a +10 Fame b
SPELL_LIFE_FORCE,Life Force,life,very rare,Global Enchantment,--,1000,0,10,3500,global_enchant,"Life Force Realm Life Spell Rarity Very Rare Spell Type Global Enchantment Casting Cost 1,000 Upkeep Cost 10 Research Cost 3,500 Effects Whenever any rival completes casting an overland Death spell, t"
SPELL_LIONHEART,Lionheart,life,rare,Unit Enchantment,Friendly unit,200,40,4,880,unit_enchant,Lionheart Realm Life Spell Rarity Rare Spell Type Unit Enchantment Casting Cost 200 Combat Cost 40 Upkeep Cost 4 Research Cost 880 Effects Target unit receives the following bonuses: +3 Melee Strength
SPELL_MASS_HEALING,Mass Healing,life,rare,Combat Instant,--,0,50,0,1600,instant_damage,"Buggy Feature As of Master of Magic v1.31 , Mass Healing is known to be malfunctioning in at least one way. Please read the Known Bugs section below."
SPELL_PLANAR_SEAL,Planar Seal,life,uncommon,Global Enchantment,--,500,0,5,500,global_enchant,Planar Seal Realm Life Spell Rarity Uncommon Spell Type Global Enchantment Casting Cost 500 Upkeep Cost 5 Research Cost 500 Effects While the spell is in effect it is virtually impossible for any Wiza
SPELL_PLANAR_TRAVEL,Planar Travel,life,uncommon,Unit Enchantment,Friendly unit,150,0,5,680,unit_enchant,"Planar Travel Realm Life Spell Rarity Uncommon Spell Type Unit Enchantment Casting Cost 150 Upkeep Cost 5 Research Cost 680 Effects Enchanted unit may switch between the two Planes freely, as long as"
SPELL_PLANE_SHIFT,Plane Shift,life,uncommon,Instant Spell,Map square,125,0,0,350,instant_damage,"This article is about the inherent unit ability called ""Plane Shift"". For the Life Instant Spell of the same name see Plane Shift (Spell) ."
SPELL_PRAYER,Prayer,life,uncommon,Combat Enchantment,--,0,30,0,800,unit_enchant,Prayer Realm Life Spell Rarity Uncommon Spell Type Combat Enchantment Combat Cost 30 Research Cost 800 Effects All friendly units on the battlefield receive the following bonuses: +10% To Hit ; +10% T
SPELL_PROSPERITY,Prosperity,life,rare,Town Enchantment,Friendly city,250,0,2,1200,city_enchant,"Prosperity Realm Life Spell Rarity Rare Spell Type Town Enchantment Casting Cost 250 Upkeep Cost 2 Research Cost 1,200 Effects Enchanted Town 's Gold output is increased by 100%."
SPELL_RAISE_DEAD,Raise Dead,life,uncommon,Combat Instant,Dead normal unit,0,35,0,620,instant_damage,Raise Dead Realm Life Spell Rarity Uncommon Spell Type Combat Instant Combat Cost 35 Research Cost 620 Effects Returns a Normal Unit or Hero that was killed during this battle back to life.
SPELL_RESURRECTION,Resurrection,life,uncommon,Instant Spell,Dead hero,250,0,0,400,instant_damage,Resurrection Realm Life Spell Rarity Uncommon Spell Type Instant Spell Casting Cost 250 Research Cost 400 Effects One dead Hero returns to life with full health.
SPELL_RIGHTEOUSNESS,Righteousness,life,rare,Unit Enchantment,Friendly unit,200,40,2,1120,unit_enchant,"Righteousness Realm Life Spell Rarity Rare Spell Type Unit Enchantment Casting Cost 200 Combat Cost 40 Upkeep Cost 2 Research Cost 1,120 Effects The enchanted unit becomes invulnerable to the followin"
SPELL_STAR_FIRES,Star Fires,life,common,Combat Instant,Enemy unit,0,5,0,40,instant_damage,Star Fires Realm Life Spell Rarity Common Spell Type Combat Instant Casting Cost 5 Research Cost 40 Effects Strikes a target unit belonging to the Chaos or Death realms with a 15 -strength Magical Dam
SPELL_STREAM_OF_LIFE,Stream of Life,life,rare,Town Enchantment,Friendly city,300,0,8,1500,city_enchant,"Stream of Life Realm Life Spell Rarity Rare Spell Type Town Enchantment Casting Cost 300 Upkeep Cost 8 Research Cost 1,500 Effects Bestows the enchanted Town with the following bonuses: Population Gro"
SPELL_TRANQUILITY,Tranquility,life,very rare,Global Enchantment,--,1000,0,10,4000,global_enchant,"Tranquility Realm Life Spell Rarity Very Rare Spell Type Global Enchantment Casting Cost 1,000 Upkeep Cost 10 Research Cost 4,000 Effects Whenever any rival completes casting an overland Chaos spell,"
SPELL_TRUE_LIGHT,True Light,life,common,Combat Enchantment,--,0,20,0,190,unit_enchant,"True Light Realm Life Spell Rarity Common Spell Type Combat Enchantment Combat Cost 20 Research Cost 190 Effects All Fantastic Units of the Life Realm receive +1 , +1 , and a universal Attack Strength"
SPELL_TRUE_SIGHT,True Sight,life,uncommon,Unit Enchantment,Friendly unit,100,20,2,300,unit_enchant,True Sight Realm Life Spell Rarity Uncommon Spell Type Unit Enchantment Casting Cost 100 Combat Cost 20 Upkeep Cost 2 Research Cost 300 Effects The enchanted unit receives the Illusions Immunity abili
SPELL_UNICORNS,Unicorns,life,uncommon,Summoning Spell,--,250,0,5,560,summon,Unicorns Realm Life Spell Properties Spell Rarity Uncommon Casting Cost 250 Upkeep Cost 5 per turn Research Cost 560 Unit Properties # of Figures 4 Moves 2 * Melee Attack per figure 5 Defense per figu
SPELL_BASILISK,Basilisk,nature,uncommon,Summoning Spell,--,325,0,7,800,summon,Basilisk Realm Nature Spell Properties Spell Rarity Uncommon Casting Cost 325 Upkeep Cost 7 per turn Research Cost 800 Unit Properties # of Figures 1 Moves 2 Melee Attack per figure 15 Defense per fig
SPELL_BEHEMOTH,Behemoth,nature,very rare,Summoning Spell,--,700,0,15,2000,summon,"Behemoth Realm Nature Spell Properties Spell Rarity Very Rare Casting Cost 700 Upkeep Cost 15 per turn Research Cost 2,000 Unit Properties # of Figures 1 Moves 2 Melee Attack per figure 25 Defense per"
SPELL_CALL_LIGHTNING,Call Lightning,nature,very rare,Combat Enchantment,--,0,60,0,3000,unit_enchant,"Buggy Feature As of Master of Magic v1.31 , Call Lightning is known to be malfunctioning in at least one way. Please read the Known Bugs section below."
SPELL_CHANGE_TERRAIN,Change Terrain,nature,uncommon,Instant Spell,Map square,50,0,0,500,instant_damage,"Change Terrain Realm Nature Spell Rarity Uncommon Spell Type Instant Casting Cost 50 Research Cost 500 Effects Changes a single overland map tile from one type of terrain to another, generally towards"
SPELL_COCKATRICES,Cockatrices,nature,uncommon,Summoning Spell,--,275,0,8,620,summon,Cockatrices Realm Nature Spell Properties Spell Rarity Uncommon Casting Cost 275 Upkeep Cost 8 per turn Research Cost 620 Unit Properties # of Figures 4 Moves 2 Melee Attack per figure 4 Defense per f
SPELL_COLOSSUS,Colossus,nature,very rare,Summoning Spell,--,800,0,17,3500,summon,"Colossus Realm Nature Spell Properties Spell Rarity Very Rare Casting Cost 800 Upkeep Cost 17 per turn Research Cost 3,500 Unit Properties # of Figures 1 Moves 2 Melee Attack per figure 20 Ranged Atta"
SPELL_CRACKS_CALL,Cracks Call,nature,uncommon,Combat Instant,Combat tile,0,20,0,300,instant_damage,Cracks Call Realm Nature Spell Rarity Uncommon Spell Type Combat Instant Casting Cost 20 Research Cost 300 Effects A unit on the target tile has a 25% chance of being entirely destroyed.
SPELL_EARTH_ELEMENTAL,Earth Elemental,nature,rare,Summoning Spell,Combat tile,0,60,0,1700,summon,"Earth Elemental Realm Nature Spell Properties Spell Rarity Rare Casting Cost 60 Research Cost 1,700 Unit Properties # of Figures 1 Moves 1 Melee Attack per figure 25 Defense per figure 4 Resistance 8"
SPELL_EARTH_GATE,Earth Gate,nature,very rare,Town Enchantment,Friendly city,250,0,5,4000,city_enchant,"Earth Gate Realm Nature Spell Rarity Very Rare Spell Type Town Enchantment Casting Cost 250 Upkeep Cost 5 Research Cost 4,000 Effects Allows units to travel instantaneously between the enchanted Town"
SPELL_EARTH_LORE,Earth Lore,nature,common,Instant Spell,Map square,30,0,0,250,instant_damage,Earth Lore Realm Nature Spell Rarity Common Spell Type Instant Spell Casting Cost 30 Research Cost 250 Effects Permanently reveals all geographical features in a 10x12 rectangular area of the selected
SPELL_EARTH_TO_MUD,Earth to Mud,nature,common,Combat Instant,Combat tile,0,15,0,20,instant_damage,Earth to Mud Realm Nature Spell Rarity Common Spell Type Combat Instant Casting Cost 15 Research Cost 20 Effects Turns a 5x5 tile section of the battlefield into mud.
SPELL_EARTHQUAKE,Earthquake,nature,rare,Instant Spell,Enemy city,200,0,0,1300,instant_damage,"Earthquake Realm Nature Spell Rarity Rare Spell Type Instant Casting Cost 200 Research Cost 1,300 Effects Strikes the target Town with the following effects: Each Town Building has a 15% chance of bei"
SPELL_ELEMENTAL_ARMOR,Elemental Armor,nature,rare,Unit Enchantment,Friendly unit,175,35,5,880,unit_enchant,Elemental Armor Realm Nature Spell Rarity Rare Spell Type Unit Enchantment Casting Cost 175 Combat Cost 35 Upkeep Cost 5 Research Cost 880 Effects Grants the target unit +10 and +10 against any effect
SPELL_ENTANGLE,Entangle,nature,very rare,Combat Enchantment,--,0,50,0,2250,unit_enchant,"Entangle Realm Nature Spell Rarity Very Rare Spell Type Combat Enchantment Combat Cost 50 Research Cost 2,250 Effects Reduces the Movement Points per turn of each enemy unit by 1 point."
SPELL_GAIA_S_BLESSING,Gaia's Blessing,nature,rare,Town Enchantment,Friendly city,300,0,3,1600,city_enchant,"Buggy Feature As of Master of Magic v1.31 , Gaia's Blessing is known to be malfunctioning in at least one way. Please read the Known Bugs section below."
SPELL_GIANT_SPIDERS,Giant Spiders,nature,uncommon,Summoning Spell,--,200,0,4,450,summon,Giant Spiders Realm Nature Spell Properties Spell Rarity Uncommon Casting Cost 200 Upkeep Cost 4 per turn Research Cost 450 Unit Properties # of Figures 2 Moves 2 Melee Attack per figure 4 Defense per
SPELL_GIANT_STRENGTH,Giant Strength,nature,common,Unit Enchantment,Friendly unit,40,8,1,80,unit_enchant,Giant Strength Realm Nature Spell Rarity Common Spell Type Unit Enchantment Casting Cost 40 Combat Cost 8 Upkeep Cost 1 Research Cost 80 Effects Grants a unit +1 per figure .
SPELL_GORGONS,Gorgons,nature,rare,Summoning Spell,--,600,0,15,1400,summon,"Gorgons Realm Nature Spell Properties Spell Rarity Rare Casting Cost 600 Upkeep Cost 15 per turn Research Cost 1,400 Unit Properties # of Figures 4 Moves 2 Melee Attack per figure 8 Defense per figure"
SPELL_GREAT_WYRM,Great Wyrm,nature,very rare,Summoning Spell,--,1000,0,20,5000,summon,"Great Wyrm Realm Nature Spell Properties Spell Rarity Very Rare Casting Cost 1,000 Upkeep Cost 20 per turn Research Cost 5,000 Unit Properties # of Figures 1 Moves 3 * Melee Attack per figure 25 Defen"
SPELL_HERB_MASTERY,Herb Mastery,nature,very rare,Global Enchantment,--,1000,0,10,4500,global_enchant,"Herb Mastery Realm Nature Spell Rarity Very Rare Spell Type Global Enchantment Casting Cost 1,000 Upkeep Cost 10 Research Cost 4,500 Effects Fully heals each of the casting Wizard's units each turn."
SPELL_ICE_BOLT,Ice Bolt,nature,uncommon,Combat Instant,Enemy unit,0,10,0,400,instant_damage,Ice Bolt Realm Nature Spell Rarity Uncommon Spell Type Combat Instant Casting Cost 10-50 Research Cost 400 Effects Strikes the target unit with a 5-45 Cold Damage attack.
SPELL_ICE_STORM,Ice Storm,nature,rare,Instant Spell,Map square,200,0,0,1200,instant_damage,"Ice Storm Realm Nature Spell Rarity Rare Spell Type Instant Casting Cost 200 Research Cost 1,200 Effects Strikes all enemy units in the targeted stack with a 6 -strength Blizzard Damage attack."
SPELL_IRON_SKIN,Iron Skin,nature,rare,Unit Enchantment,Friendly unit,200,40,5,1120,unit_enchant,"Iron Skin Realm Nature Spell Rarity Rare Spell Type Unit Enchantment Casting Cost 200 Combat Cost 40 Upkeep Cost 5 Research Cost 1,120 Effects Grants a unit +5 per figure ."
SPELL_MOVE_FORTRESS,Move Fortress,nature,rare,Instant Spell,Friendly city,200,0,0,1500,instant_damage,"Move Fortress Realm Nature Spell Rarity Rare Spell Type Instant Casting Cost 200 Research Cost 1,500 Effects Moves the casting Wizard's Fortress to the targeted Town ."
SPELL_NATURE_AWARENESS,Nature Awareness,nature,very rare,Global Enchantment,--,800,0,7,2500,global_enchant,"Nature Awareness Realm Nature Spell Rarity Very Rare Spell Type Global Enchantment Casting Cost 800 Upkeep Cost 7 Research Cost 2,500 Effects Permanently reveals all unexplored tiles on the overland m"
SPELL_NATURE_S_CURES,Nature's Cures,nature,uncommon,Instant Spell,Map square,75,0,0,740,instant_damage,"Nature's Cures Realm Nature Spell Rarity Uncommon Spell Type Instant Casting Cost 75 Research Cost 740 Effects Heals all units in a targeted stack to full health, instantly."
SPELL_NATURE_S_EYE,Nature's Eye,nature,uncommon,Town Enchantment,Friendly city,75,0,1,350,city_enchant,"Buggy Feature As of Master of Magic v1.31 , Nature's Eye is known to be malfunctioning in at least one way. Please read the Known Bugs section below."
SPELL_NATURE_S_WRATH,Nature's Wrath,nature,very rare,Global Enchantment,--,1250,0,10,6000,global_enchant,"Nature's Wrath Realm Nature Spell Rarity Very Rare Spell Type Global Enchantment Casting Cost 1,250 Upkeep Cost 10 Research Cost 6,000 Effects Each time a rival Wizard casts a spell from the Death or"
SPELL_PATH_FINDING,Path Finding,nature,uncommon,Unit Enchantment,Friendly unit,50,0,1,560,unit_enchant,Path Finding Realm Nature Spell Rarity Uncommon Spell Type Unit Enchantment Casting Cost 50 Upkeep Cost 1 Research Cost 560 Effects Allows a Walking unit to move on the campaign map using only 1/2 mov
SPELL_PETRIFY,Petrify,nature,rare,Combat Instant,Enemy unit,0,35,0,960,instant_damage,Petrify Realm Nature Spell Rarity Rare Spell Type Combat Instant Casting Cost 35 Research Cost 960 Effects Each figure in the target unit must Resist or be destroyed.
SPELL_REGENERATION,Regeneration,nature,very rare,Unit Enchantment,Friendly unit,300,60,10,1850,unit_enchant,"Regeneration is one of the many Unit Abilities available in Master of Magic . The Regeneration ability gives a unit several extremely useful advantages, and is often considered one of the best Unit Ab"
SPELL_RESIST_ELEMENTS,Resist Elements,nature,common,Unit Enchantment,Friendly unit,25,5,1,40,unit_enchant,Resist Elements Realm Nature Spell Rarity Common Spell Type Unit Enchantment Casting Cost 25 Combat Cost 5 Upkeep Cost 1 Research Cost 40 Effects Grants the target unit +3 and +3 against any effect or
SPELL_SPRITES,Sprites,nature,common,Summoning Spell,--,100,0,3,220,summon,Sprites Realm Nature Spell Properties Spell Rarity Common Casting Cost 100 Upkeep Cost 3 per turn Research Cost 220 Unit Properties # of Figures 4 Moves 2 Melee Attack per figure 2 Ranged Attack per f
SPELL_STONE_GIANT,Stone Giant,nature,rare,Summoning Spell,--,450,0,9,1040,summon,"Stone Giant Realm Nature Spell Properties Spell Rarity Rare Casting Cost 450 Upkeep Cost 9 per turn Research Cost 1,040 Unit Properties # of Figures 1 Moves 2 Melee Attack per figure 15 Ranged Attack"
SPELL_STONE_SKIN,Stone Skin,nature,common,Unit Enchantment,Friendly unit,50,10,1,160,unit_enchant,Stone Skin Realm Nature Spell Rarity Common Spell Type Unit Enchantment Casting Cost 50 Combat Cost 10 Upkeep Cost 1 Research Cost 160 Effects Grants a unit +1 per figure .
SPELL_TRANSMUTE,Transmute,nature,uncommon,Instant Spell,Map square,60,0,0,680,instant_damage,Transmute Realm Nature Spell Rarity Uncommon Spell Type Instant Casting Cost 60 Research Cost 680 Effects Changes the Terrain Special in a targeted tile: Coal is changed into Gems (and vice versa).
SPELL_WALL_OF_STONE,Wall of Stone,nature,common,Instant Spell,Friendly city,50,0,0,60,instant_damage,Wall of Stone Realm Nature Spell Rarity Common Spell Type Instant Casting Cost 50 Research Cost 60 Effects Builds permanent City Walls in the targeted Town .
SPELL_WAR_BEARS,War Bears,nature,common,Summoning Spell,--,70,0,2,130,summon,War Bears Realm Nature Spell Properties Spell Rarity Common Casting Cost 70 Upkeep Cost 2 per turn Research Cost 130 Unit Properties # of Figures 2 Moves 2 Melee Attack per figure 7 Defense per figure
SPELL_WATER_WALKING,Water Walking,nature,common,Unit Enchantment,Friendly unit,50,0,1,190,unit_enchant,Water Walking Realm Nature Spell Rarity Common Spell Type Unit Enchantment Casting Cost 50 Upkeep Cost 1 Research Cost 190 Effects Grants the swimming Movement Type Water Walking is a Common Unit Ench
SPELL_WEB,Web,nature,common,Combat Instant,Enemy unit,0,10,0,100,instant_damage,"Web Realm Nature Spell Rarity Common Spell Type Combat Instant Casting Cost 10 Research Cost 100 Effects Traps a corporeal unit in a sticky web, rendering it unable to move or attack until it destroys"
SPELL_AIR_ELEMENTAL,Air Elemental,sorcery,rare,Summoning Spell,Combat tile,0,50,0,1300,summon,"Air Elemental Realm Sorcery Spell Properties Spell Rarity Rare Casting Cost 50 Research Cost 1,300 Unit Properties # of Figures 1 Moves 5 Melee Attack per figure 15 Defense per figure 8 Resistance 9 H"
SPELL_AURA_OF_MAJESTY,Aura of Majesty,sorcery,uncommon,Global Enchantment,--,400,0,5,740,global_enchant,"Research Required This article/section is missing crucial information and may require additional research to answer the following questions: If a computer-controlled wizard casts Aura of Majesty , do"
SPELL_BANISH,Banish,sorcery,rare,Combat Instant,Enemy fant. unit,0,20,0,1120,instant_damage,"Banish Realm Sorcery Spell Rarity Rare Spell Type Combat Instant Casting Cost 20 + up to 80 Research Cost 1,120 Effects Each figure in the targeted Fantastic Unit must Resist at a penalty of -3 or be"
SPELL_BLUR,Blur,sorcery,uncommon,Combat Enchantment,--,0,25,0,300,unit_enchant,"Buggy Feature As of Master of Magic v1.31 , Blur is known to be malfunctioning in at least one way. Please read the Known Bugs section below."
SPELL_CONFUSION,Confusion,sorcery,common,Unit Curse,Enemy unit,0,15,0,130,unit_enchant,"Confusion Realm Sorcery Spell Rarity Common Spell Type Unit Curse Combat Cost 15 Research Cost 130 Effects At the start of each combat turn, the enchanted unit has an equal chance of: Doing nothing fo"
SPELL_COUNTER_MAGIC,Counter Magic,sorcery,common,Combat Enchantment,--,0,10,0,190,unit_enchant,Counter Magic Realm Sorcery Spell Rarity Common Spell Type Combat Enchantment Combat Cost 10 + up to 40 Research Cost 190 Effects Any spell cast by the opposing force must roll against Counter Magic '
SPELL_CREATURE_BINDING,Creature Binding,sorcery,very rare,Unit Curse,Enemy fant. unit,0,70,0,2250,unit_enchant,"Creature Binding Realm Sorcery Spell Rarity Very Rare Spell Type Unit Curse Combat Cost 70 Research Cost 2,250 Effects If the target enemy Fantastic Unit fails a Resistance roll at -2 , control of tha"
SPELL_DISENCHANT_TRUE,Disenchant True,sorcery,uncommon,Instant Spell,Map square,50,50,0,350,instant_damage,
SPELL_DISJUNCTION_TRUE,Disjunction True,sorcery,rare,Instant Spell,Enemy global,200,0,0,880,dispel,
SPELL_DISPEL_MAGIC_TRUE,Dispel Magic True,sorcery,common,Combat Instant,Enemy unit,0,10,0,40,dispel,
SPELL_DJINN,Djinn,sorcery,very rare,Summoning Spell,--,650,0,17,1850,summon,"Djinn Realm Sorcery Spell Properties Spell Rarity Very Rare Casting Cost 650 Upkeep Cost 17 per turn Research Cost 1,850 Unit Properties # of Figures 1 Moves 3 Melee Attack per figure 15 Ranged Attack"
SPELL_ENCHANT_ROAD,Enchant Road,sorcery,uncommon,Instant Spell,Map square,100,0,0,500,instant_damage,Enchant Road Realm Sorcery Spell Rarity Uncommon Spell Type Instant Spell Casting Cost 100 Research Cost 500 Effects Turns all Roads in a 5x5 tile area of the overland map into Enchanted Roads .
SPELL_FLIGHT,Flight,sorcery,uncommon,Unit Enchantment,Friendly unit,125,25,3,560,unit_enchant,Flight Realm Sorcery Spell Rarity Uncommon Spell Type Unit Enchantment Casting Cost 125 Combat Cost 25 Upkeep Cost 3 Research Cost 560 Effects Changes a unit's Movement type to Flying .
SPELL_FLOATING_ISLAND,Floating Island,sorcery,common,Summoning Spell,Map square,50,0,5,60,summon,Floating Island Realm Sorcery Spell Properties Spell Rarity Common Casting Cost 50 Upkeep Cost 5 per turn Research Cost 60 Unit Properties # of Figures 1 Moves 2 Resistance 10 Hit Points per figure 45
SPELL_FLYING_FORTRESS,Flying Fortress,sorcery,very rare,Town Enchantment,Friendly city,500,0,25,4000,city_enchant,"Buggy Feature As of Master of Magic v1.31 , Flying Fortress is known to be malfunctioning in at least one way. Please read the Known Bugs section below."
SPELL_GREAT_UNSUMMONING,Great Unsummoning,sorcery,very rare,Instant Spell,--,1000,0,0,3000,instant_damage,"Great Unsummoning Realm Sorcery Spell Rarity Very Rare Spell Type Instant Spell Casting Cost 1,000 Research Cost 3,000 Effects Each and every Fantastic Unit in the world, whether enemy or friendly (ex"
SPELL_GUARDIAN_WIND,Guardian Wind,sorcery,common,Unit Enchantment,Friendly unit,50,10,2,80,unit_enchant,"Buggy Feature As of Master of Magic v1.31 , Guardian Wind is known to be malfunctioning in at least one way. Please read the Known Bugs section below."
SPELL_HASTE,Haste,sorcery,rare,Unit Enchantment,Friendly unit,0,50,0,1700,unit_enchant,"Haste Realm Sorcery Spell Rarity Rare Spell Type Unit Enchantment Combat Cost 50 Research Cost 1,700 Effects The enchanted unit gets double its normal Movement Allowance every turn."
SPELL_INVISIBILITY,Invisibility,sorcery,rare,Unit Enchantment,Friendly unit,175,35,10,960,unit_enchant,"This article is about the unit ability called ""Invisibility"". For the Sorcery spells that grant this ability, see Invisibility (Spell) or Mass Invisibility ."
SPELL_MAGIC_IMMUNITY,Magic Immunity,sorcery,rare,Unit Enchantment,Friendly unit,250,50,5,1600,unit_enchant,Magic Immunity is one of the many Unit Abilities available in Master of Magic . It is arguably the most powerful immunity in the game.
SPELL_MASS_INVISIBILITY,Mass Invisibility,sorcery,very rare,Combat Enchantment,--,0,80,0,2500,unit_enchant,"Mass Invisibility Realm Sorcery Spell Rarity Very Rare Spell Type Combat Enchantment Combat Cost 80 Research Cost 2,500 Effects All friendly units on the battlefield gain Invisibility , hiding them fr"
SPELL_MIND_STORM,Mind Storm,sorcery,rare,Unit Curse,Enemy unit,0,35,0,1400,unit_enchant,"Mind Storm Realm Sorcery Spell Rarity Rare Spell Type Unit Curse Combat Cost 35 Research Cost 1,400 Effects With no chance to Resist , the target unit is inflicted with the following ill effects: -5 A"
SPELL_NAGAS,Nagas,sorcery,common,Summoning Spell,--,100,0,2,220,summon,Nagas Realm Sorcery Spell Properties Spell Rarity Common Casting Cost 100 Upkeep Cost 2 per turn Research Cost 220 Unit Properties # of Figures 2 Moves 1 / 1 Melee Attack per figure 4 Defense per figu
SPELL_PHANTOM_BEAST,Phantom Beast,sorcery,uncommon,Summoning Spell,Combat tile,0,35,0,800,summon,Phantom Beast Realm Sorcery Spell Properties Spell Rarity Uncommon Casting Cost 35 Research Cost 800 Unit Properties # of Figures 1 Moves 2 / 2 Melee Attack per figure 18 Resistance 8 Hit Points per f
SPELL_PHANTOM_WARRIORS,Phantom Warriors,sorcery,common,Summoning Spell,Combat tile,0,10,0,100,summon,Phantom Warriors Realm Sorcery Spell Properties Spell Rarity Common Casting Cost 10 Research Cost 100 Unit Properties # of Figures 6 Moves 1 / 1 Melee Attack per figure 3 Resistance 6 Hit Points per f
SPELL_PSIONIC_BLAST,Psionic Blast,sorcery,common,Combat Instant,Enemy unit,0,10,0,250,instant_damage,Psionic Blast Realm Sorcery Spell Rarity Common Spell Type Combat Instant Casting Cost 10 + up to 40 Research Cost 250 Effects Strikes the target unit with an Illusory 5-25 attack.
SPELL_RESIST_MAGIC,Resist Magic,sorcery,common,Unit Enchantment,Friendly unit,25,5,1,20,unit_enchant,Resist Magic Realm Sorcery Spell Rarity Common Spell Type Unit Enchantment Casting Cost 25 Combat Cost 5 Upkeep Cost 1 Research Cost 20 Effects Grants the enchanted unit a +5 bonus when attempting to
SPELL_SKY_DRAKE,Sky Drake,sorcery,very rare,Summoning Spell,--,1000,0,25,4500,summon,"Sky Drake Realm Sorcery Spell Properties Spell Rarity Very Rare Casting Cost 1,000 Upkeep Cost 25 per turn Research Cost 4,500 Unit Properties # of Figures 1 Moves 4 Melee Attack per figure 20 Defense"
SPELL_SPELL_BINDING,Spell Binding,sorcery,very rare,Instant Spell,Enemy global,1000,0,0,3500,instant_damage,"Spell Binding Realm Sorcery Spell Rarity Very Rare Spell Type Instant Spell Casting Cost 1,000 Research Cost 3,500 Effects Transfers the ownership of a Global Enchantment to the caster, who is now in"
SPELL_SPELL_BLAST,Spell Blast,sorcery,uncommon,Instant Spell,Enemy wizard,50,0,0,680,instant_damage,Spell Blast Realm Sorcery Spell Rarity Uncommon Spell Type Instant Spell Casting Cost 50 * Research Cost 680 Effects Counters an enemy overland spell while it is being cast.
SPELL_SPELL_LOCK,Spell Lock,sorcery,uncommon,Unit Enchantment,Friendly unit,100,20,1,450,unit_enchant,"Buggy Feature As of Master of Magic v1.31 , Spell Lock is known to be malfunctioning in at least one way. Please read the Known Bugs section below."
SPELL_SPELL_WARD,Spell Ward,sorcery,very rare,Town Enchantment,Friendly city,350,0,5,2000,city_enchant,"Buggy Feature As of Master of Magic v1.31 , Spell Ward is known to be malfunctioning in at least one way. Please read the Known Bugs section below."
SPELL_STASIS,Stasis,sorcery,rare,Instant Spell,Map square,250,0,0,1500,instant_damage,"Stasis Realm Sorcery Spell Rarity Rare Spell Type Instant Spell Casting Cost 250 Research Cost 1,500 Effects Each unit in the targeted map tile remains motionless during its controller's next turn."
SPELL_STORM_GIANT,Storm Giant,sorcery,rare,Summoning Spell,--,500,0,10,1200,summon,"Storm Giant Realm Sorcery Spell Properties Spell Rarity Rare Casting Cost 500 Upkeep Cost 10 per turn Research Cost 1,200 Unit Properties # of Figures 1 Moves 2 Melee Attack per figure 12 Ranged Attac"
SPELL_SUPPRESS_MAGIC,Suppress Magic,sorcery,very rare,Global Enchantment,--,1250,0,50,5000,global_enchant,"Suppress Magic Realm Sorcery Spell Rarity Very Rare Spell Type Global Enchantment Casting Cost 1,250 Upkeep Cost 50 Research Cost 5,000 Effects While Suppress Magic is in effect, any overland spell ca"
SPELL_TIME_STOP,Time Stop,sorcery,very rare,Global Enchantment,--,1500,0,200,6000,global_enchant,"Time Stop Realm Sorcery Spell Rarity Very Rare Spell Type Global Enchantment Casting Cost 1,500 Upkeep Cost 200 * Research Cost 6,000 Effects While Time Stop is in effect, all rival Wizards skip their"
SPELL_VERTIGO,Vertigo,sorcery,uncommon,Unit Curse,Enemy unit,0,25,0,400,unit_enchant,Vertigo Realm Sorcery Spell Rarity Uncommon Spell Type Unit Curse Combat Cost 25 Research Cost 400 Effects The target unit is inflicted with the following ill effects if it fails a Resistance roll: -2
SPELL_WIND_MASTERY,Wind Mastery,sorcery,uncommon,Global Enchantment,--,400,0,5,620,global_enchant,Wind Mastery Realm Sorcery Spell Rarity Uncommon Spell Type Global Enchantment Casting Cost 400 Upkeep Cost 5 Research Cost 620 Effects All of the casting Wizard's Ships (see list in article) receive
SPELL_WIND_WALKING,Wind Walking,sorcery,rare,Unit Enchantment,Friendly unit,250,0,10,1040,unit_enchant,"Buggy Feature As of Master of Magic v1.31 , Wind Walking is known to be malfunctioning in at least one way. Please read the Known Bugs section below."
SPELL_WORD_OF_RECALL,Word of Recall,sorcery,common,Instant Spell,Friendly unit,20,20,0,160,instant_damage,Word of Recall Realm Sorcery Spell Rarity Common Spell Type Instant Spell / Combat Instant Casting Cost 20 Combat Cost 20 Research Cost 160 Effects Instantly returns a friendly unit to the Town curren
SPELL_ARMAGEDDON,Armageddon,chaos,very rare,Global Enchantment,--,1250,0,40,6000,global_enchant,"Armageddon Realm Chaos Spell Rarity Very Rare Spell Type Global Enchantment Casting Cost 1,250 Upkeep Cost 40 Research Cost 6,000 Effects Every turn, a random number of Volcanoes are created somewhere"
SPELL_CALL_CHAOS,Call Chaos,chaos,very rare,Combat Instant,--,0,75,0,3000,instant_damage,"Call Chaos Realm Chaos Spell Rarity Very Rare Spell Type Combat Instant * Combat Cost 75 Research Cost 3,000 Effects Every enemy unit on the battlefield is struck by one of the following spell effects"
SPELL_CALL_THE_VOID,Call the Void,chaos,very rare,Instant Spell,Enemy city,500,0,0,5000,instant_damage,"Call the Void Realm Chaos Spell Rarity Very Rare Spell Type Instant Casting Cost 500 Research Cost 5,000 Effects The target Town suffers the following effects, unless protected by Consecration or Chao"
SPELL_CHAOS_CHANNELS,Chaos Channels,chaos,uncommon,Instant Spell,Friendly normal unit,50,0,0,400,instant_damage,"Buggy Feature As of Master of Magic v1.31 , Chaos Channels is known to be malfunctioning in at least one way. Please read the Known Bugs section below."
SPELL_CHAOS_RIFT,Chaos Rift,chaos,rare,Town Curse,Enemy city,300,0,10,1700,flavour,"Chaos Rift Realm Chaos Spell Rarity Rare Spell Type Town Curse Casting Cost 300 Upkeep Cost 10 Research Cost 1,700 Effects Each turn, the targeted town suffers the following effects: Five separate Arm"
SPELL_CHAOS_SPAWN,Chaos Spawn,chaos,rare,Summoning Spell,--,500,0,12,1040,summon,"Buggy Feature As of Master of Magic v1.31 , Chaos Spawn is known to be malfunctioning in at least one way. Please read the Known Bugs section below."
SPELL_CHAOS_SURGE,Chaos Surge,chaos,very rare,Global Enchantment,--,1000,0,40,3500,global_enchant,"Buggy Feature As of Master of Magic v1.31 , Chaos Surge is known to be malfunctioning in at least one way. Please read the Known Bugs section below."
SPELL_CHIMERAS,Chimeras,chaos,uncommon,Summoning Spell,--,350,0,10,800,summon,Chimeras Realm Chaos Spell Properties Spell Rarity Uncommon Casting Cost 350 Upkeep Cost 10 per turn Research Cost 800 Unit Properties # of Figures 4 Moves 2 Melee Attack per figure 7 Defense per figu
SPELL_CORRUPTION,Corruption,chaos,common,Instant Spell,Map square,40,0,0,100,instant_damage,"This article is about the effect on terrain . For an article about the Chaos spell that causes Corruption, see Corruption (Spell) ."
SPELL_DISINTEGRATE,Disintegrate,chaos,very rare,Combat Instant,Enemy unit,0,50,0,2000,instant_damage,"Disintegrate Realm Chaos Spell Rarity Very Rare Spell Type Combat Instant Combat Cost 50 Research Cost 2,000 Effects If the target unit has 9 or less, it is entirely destroyed."
SPELL_DISRUPT,Disrupt,chaos,common,Combat Instant,Combat tile,0,15,0,40,instant_damage,Disrupt Realm Chaos Spell Rarity Common Spell Type Combat Instant Casting Cost 15 Research Cost 40 Effects A targeted section of Wall is destroyed.
SPELL_DOOM_BAT,Doom Bat,chaos,uncommon,Summoning Spell,--,300,0,8,620,summon,Doom Bat Realm Chaos Spell Properties Spell Rarity Uncommon Casting Cost 300 Upkeep Cost 8 per turn Research Cost 620 Unit Properties # of Figures 1 Moves 4 Melee Attack per figure 10 Defense per figu
SPELL_DOOM_BOLT,Doom Bolt,chaos,rare,Combat Instant,Enemy unit,0,40,0,1120,instant_damage,"Doom Bolt Realm Chaos Spell Rarity Rare Spell Type Combat Instant Casting Cost 40 Research Cost 1,120 Effects Target unit receives exactly 10 points of damage regardless of its defensive properties."
SPELL_DOOM_MASTERY,Doom Mastery,chaos,very rare,Global Enchantment,--,1100,0,15,4000,global_enchant,"Doom Mastery Realm Chaos Spell Rarity Very Rare Spell Type Global Enchantment Casting Cost 1,100 Upkeep Cost 15 Research Cost 4,000 Effects Every Normal Unit created in the caster's Towns immediately"
SPELL_EFREET,Efreet,chaos,rare,Summoning Spell,--,550,0,15,1300,summon,"Efreet Realm Chaos Spell Properties Spell Rarity Rare Casting Cost 550 Upkeep Cost 15 per turn Research Cost 1,300 Unit Properties # of Figures 1 Moves 3 Melee Attack per figure 9 Ranged Attack per fi"
SPELL_ELDRITCH_WEAPON,Eldritch Weapon,chaos,common,Unit Enchantment,Friendly normal unit,75,15,1,130,unit_enchant,Eldritch Weapon Realm Chaos Spell Rarity Common Spell Type Unit Enchantment Casting Cost 75 Combat Cost 15 Upkeep Cost 1 Research Cost 130 Effects When the enchanted unit attacks a target with a Range
SPELL_FIRE_BOLT,Fire Bolt,chaos,common,Combat Instant,Enemy unit,0,5,0,60,instant_damage,Fire Bolt Realm Chaos Spell Rarity Common Spell Type Combat Instant Casting Cost 5-25 Research Cost 60 Effects Strikes the target unit with a 5-25 Fire Damage attack.
SPELL_FIRE_ELEMENTAL,Fire Elemental,chaos,common,Summoning Spell,Combat tile,0,20,0,250,summon,Fire Elemental Realm Chaos Spell Properties Spell Rarity Common Casting Cost 20 Research Cost 250 Unit Properties # of Figures 1 Moves 1 Melee Attack per figure 12 Defense per figure 4 Resistance 6 Hi
SPELL_FIRE_GIANT,Fire Giant,chaos,uncommon,Summoning Spell,--,150,0,3,350,summon,Fire Giant Realm Chaos Spell Properties Spell Rarity Uncommon Casting Cost 150 Upkeep Cost 3 per turn Research Cost 350 Unit Properties # of Figures 1 Moves 2 Melee Attack per figure 10 Ranged Attack
SPELL_FIRE_STORM,Fire Storm,chaos,rare,Instant Spell,Map square,250,0,0,1400,instant_damage,"Fire Storm Realm Chaos Spell Rarity Rare Spell Type Instant Casting Cost 250 Research Cost 1,400 Effects Strikes all enemy units in the targeted stack with an 8 -strength Immolation Damage attack."
SPELL_FIREBALL,Fireball,chaos,uncommon,Combat Instant,Enemy unit,0,15,0,560,instant_damage,Fireball Realm Chaos Spell Rarity Uncommon Spell Type Combat Instant Casting Cost 15-75 Research Cost 560 Effects The target is hit by an Area Damage attack with a strength of 5-25 (delivering Immolat
SPELL_FLAME_BLADE,Flame Blade,chaos,uncommon,Unit Enchantment,Friendly unit,125,25,2,450,unit_enchant,Flame Blade Realm Chaos Spell Rarity Uncommon Spell Type Unit Enchantment Casting Cost 125 Combat Cost 25 Upkeep Cost 2 Research Cost 450 Effects The enchanted unit gets the following bonuses: +2 +2 +
SPELL_FLAME_STRIKE,Flame Strike,chaos,rare,Combat Instant,--,0,60,0,1600,instant_damage,"Flame Strike Realm Chaos Spell Rarity Rare Spell Type Combat Instant Casting Cost 60 Research Cost 1,600 Effects Every enemy unit on the battlefield is hit with a 15 -strength Immolation Damage attack"
SPELL_GARGOYLES,Gargoyles,chaos,uncommon,Summoning Spell,--,200,0,5,500,summon,Gargoyles Realm Chaos Spell Properties Spell Rarity Uncommon Casting Cost 200 Upkeep Cost 5 per turn Research Cost 500 Unit Properties # of Figures 4 Moves 2 Melee Attack per figure 4 Defense per figu
SPELL_GREAT_DRAKE,Great Drake,chaos,very rare,Summoning Spell,--,900,0,30,4500,summon,"Great Drake Realm Chaos Spell Properties Spell Rarity Very Rare Casting Cost 900 Upkeep Cost 30 per turn Research Cost 4,500 Unit Properties # of Figures 1 Moves 2 Melee Attack per figure 30 Defense p"
SPELL_GREAT_WASTING,Great Wasting,chaos,very rare,Global Enchantment,--,1000,0,20,2500,global_enchant,"Great Wasting Realm Chaos Spell Rarity Very Rare Spell Type Global Enchantment Casting Cost 1,000 Upkeep Cost 20 Research Cost 2,500 Effects Each turn, anywhere between 3 and 6 random land tiles on th"
SPELL_HELL_HOUNDS,Hell Hounds,chaos,common,Summoning Spell,--,40,0,1,80,summon,Hell Hounds Realm Chaos Spell Properties Spell Rarity Common Casting Cost 40 Upkeep Cost 1 per turn Research Cost 80 Unit Properties # of Figures 4 Moves 2 Melee Attack per figure 3 Defense per figure
SPELL_HYDRA,Hydra,chaos,very rare,Summoning Spell,--,650,0,14,1850,summon,"Hydra Realm Chaos Spell Properties Spell Rarity Very Rare Casting Cost 650 Upkeep Cost 14 per turn Research Cost 1,850 Unit Properties # of Figures 9 * Moves 1 Melee Attack per figure 6 Defense per fi"
SPELL_IMMOLATION,Immolation,chaos,uncommon,Unit Enchantment,Friendly unit,150,30,2,740,unit_enchant,"This article is about the unit ability called ""Immolation"". For the Chaos Unit Enchantment of the same name, see Immolation (Spell) ."
SPELL_LIGHTNING_BOLT,Lightning Bolt,chaos,uncommon,Combat Instant,Enemy unit,0,10,0,300,instant_damage,Lightning Bolt Realm Chaos Spell Rarity Uncommon Spell Type Combat Instant Casting Cost 10-50 Research Cost 300 Effects Strikes the target unit with a 5-45 Armor Piercing Damage attack.
SPELL_MAGIC_VORTEX,Magic Vortex,chaos,rare,Combat Instant,Combat tile,0,50,0,1200,instant_damage,"Buggy Feature As of Master of Magic v1.31 , Magic Vortex is known to be malfunctioning in at least one way. Please read the Known Bugs section below."
SPELL_METAL_FIRES,Metal Fires,chaos,rare,Combat Enchantment,--,0,40,0,960,unit_enchant,Metal Fires Realm Chaos Spell Rarity Rare Spell Type Combat Enchantment Combat Cost 40 Research Cost 960 Effects All friendly Normal Units and Heroes receive the following bonuses: +1 +1 +1 (if the un
SPELL_METEOR_STORM,Meteor Storm,chaos,very rare,Global Enchantment,--,900,0,10,2250,global_enchant,"Meteor Storm Realm Chaos Spell Rarity Very Rare Spell Type Global Enchantment Casting Cost 900 Upkeep Cost 10 Research Cost 2,250 Effects The following effects occur each turn: Every unit that is not"
SPELL_RAISE_VOLCANO,Raise Volcano,chaos,uncommon,Instant Spell,Map square,200,0,0,680,instant_damage,"Raise Volcano Realm Chaos Spell Rarity Uncommon Spell Type Instant Casting Cost 200 Research Cost 680 Effects Turns a targeted tile into a Volcano , potentially destroying specific assets in that tile"
SPELL_SHATTER,Shatter,chaos,common,Unit Curse,Enemy unit,0,12,0,190,unit_enchant,"Shatter Realm Chaos Spell Rarity Common Spell Type Unit Curse Combat Cost 12 Research Cost 190 Effects If the target enemy Normal Unit or Hero fails a Resistance roll (with no penalty), Shatter inflic"
SPELL_WALL_OF_FIRE,Wall of Fire,chaos,common,Town Enchantment,Friendly city,150,30,2,160,city_enchant,"Wall of Fire Realm Chaos Spell Rarity Common Spell Type Town Enchantment / Combat Instant Casting Cost 150 Combat Cost 30 Upkeep Cost 2 Research Cost 160 Effects During combat at the enchanted town, a"
SPELL_WARP_CREATURE,Warp Creature,chaos,common,Unit Curse,Enemy unit,0,18,0,220,unit_enchant,"Buggy Feature As of Master of Magic v1.31 , Warp Creature is known to be malfunctioning in at least one way. Please read the Known Bugs section below."
SPELL_WARP_LIGHTNING,Warp Lightning,chaos,rare,Combat Instant,Enemy unit,0,35,0,880,instant_damage,"Warp Lightning Realm Chaos Spell Rarity Rare Spell Type Combat Instant Casting Cost 35 Research Cost 880 Effects Strikes the target unit with a succession of 10 Magical Armor Piercing Damage attacks,"
SPELL_WARP_REALITY,Warp Reality,chaos,rare,Combat Enchantment,--,0,50,0,1500,unit_enchant,"Warp Reality Realm Chaos Spell Rarity Rare Spell Type Combat Enchantment Combat Cost 50 Research Cost 1,500 Effects All Normal Units , all Heroes and all Fantastic Creatures that do not belong to the"
SPELL_WARP_WOOD,Warp Wood,chaos,common,Combat Instant,Enemy normal unit,0,10,0,20,instant_damage,Warp Wood Realm Chaos Spell Rarity Common Spell Type Combat Instant Casting Cost 10 Research Cost 20 Effects Target Normal Unit or Hero with a Ranged Missile Attack instantly loses all of its ammuniti
SPELL_ANIMATE_DEAD,Animate Dead,death,very rare,Combat Instant,Dead unit,0,50,0,3000,instant_damage,"Animate Dead Realm Death Spell Rarity Very Rare Spell Type Combat Instant Casting Cost 50 Research Cost 3,000 Effects Brings back a unit that has died during the current battle as an Undead unit with"
SPELL_BERSERK,Berserk,death,uncommon,Unit Enchantment,Friendly unit,0,30,0,740,unit_enchant,"Berserk Realm Death Spell Rarity Uncommon Spell Type Unit Enchantment Combat Cost 30 Research Cost 740 Effects The enchanted unit's Melee Attack strength is doubled, while its Defense score is reduced"
SPELL_BLACK_CHANNELS,Black Channels,death,uncommon,Unit Enchantment,Friendly normal unit,100,0,1,500,unit_enchant,"Black Channels Realm Death Spell Rarity Uncommon Spell Type Unit Enchantment Casting Cost 100 Upkeep Cost 1 Research Cost 500 Effects Target Normal Unit , Hero or Undead receives the following bonuses"
SPELL_BLACK_PRAYER,Black Prayer,death,uncommon,Combat Enchantment,--,0,35,0,450,unit_enchant,Black Prayer Realm Death Spell Rarity Uncommon Spell Type Combat Enchantment Combat Cost 35 Research Cost 450 Effects Every enemy unit on the battlefield suffers the following penalties: -1 to all Att
SPELL_BLACK_SLEEP,Black Sleep,death,common,Unit Curse,Enemy unit,0,15,0,100,unit_enchant,Black Sleep Realm Death Spell Rarity Common Spell Type Unit Curse Combat Cost 15 Research Cost 100 Effects Target unit must succeed a Resistance roll at a penalty of -2 or fall asleep.
SPELL_BLACK_WIND,Black Wind,death,rare,Instant Spell,Map square,200,0,0,1400,instant_damage,"Black Wind Realm Death Spell Rarity Rare Spell Type Instant Spell Casting Cost 200 Research Cost 1,400 Effects Each Figure inside each unit in the targeted enemy stack must Resistance at a penalty of"
SPELL_CLOAK_OF_FEAR,Cloak of Fear,death,common,Unit Enchantment,Friendly unit,60,12,1,80,unit_enchant,"Buggy Feature As of Master of Magic v1.31 , Cloak of Fear is known to be malfunctioning in at least one way. Please read the Known Bugs section below."
SPELL_CLOUD_OF_SHADOW,Cloud of Shadow,death,rare,Town Enchantment,Friendly city,150,0,3,1200,city_enchant,"Cloud of Shadow Realm Death Spell Rarity Rare Spell Type Town Enchantment Casting Cost 150 Upkeep Cost 3 Research Cost 1,200 Effects Every battle taking place at the target town will be under an effec"
SPELL_CRUEL_UNMINDING,Cruel Unminding,death,very rare,Instant Spell,Enemy wizard,250,0,0,1850,instant_damage,"Cruel Unminding Realm Death Spell Rarity Very Rare Spell Type Instant Spell Casting Cost 250 Research Cost 1,850 Effects Target wizard loses 1% to 10% of his current Spell Casting Skill ."
SPELL_CURSED_LANDS,Cursed Lands,death,rare,Town Curse,Enemy city,150,0,2,1700,flavour,"Cursed Lands Realm Death Spell Rarity Rare Spell Type Town Curse Casting Cost 150 Upkeep Cost 2 Research Cost 1,700 Effects Target enemy Town 's Production is reduced by about 50%."
SPELL_DARK_RITUALS,Dark Rituals,death,common,Town Enchantment,Friendly city,30,0,0,60,city_enchant,Dark Rituals Realm Death Spell Rarity Common Spell Type Town Enchantment Casting Cost 30 Upkeep Cost None Research Cost 60 Effects The enchanted town produces an extra amount of Power equal to the amo
SPELL_DARKNESS,Darkness,death,common,Combat Enchantment,--,0,25,0,250,unit_enchant,"Darkness Realm Death Spell Rarity Common Spell Type Combat Enchantment Combat Cost 25 Research Cost 250 Effects All Fantastic Units of the Death Realm receive +1 , +1 , and a universal Attack Strength"
SPELL_DEATH_KNIGHTS,Death Knights,death,very rare,Summoning Spell,--,600,0,8,2250,summon,"Death Knights Realm Death Spell Properties Spell Rarity Very Rare Casting Cost 600 Upkeep Cost 8 per turn Research Cost 2,250 Unit Properties # of Figures 4 Moves 3 Melee Attack per figure 9 Defense p"
SPELL_DEATH_SPELL,Death Spell,death,very rare,Combat Instant,--,0,50,0,2500,instant_damage,"Death Spell Realm Death Spell Rarity Very Rare Spell Type Combat Instant Casting Cost 50 Research Cost 2,500 Effects Each figure in each enemy unit on the battlefield must make a Resistance roll at a"
SPELL_DEATH_WISH,Death Wish,death,very rare,Instant Spell,--,500,0,0,5000,instant_damage,"Death Wish Realm Death Spell Rarity Very Rare Spell Type Instant Spell Casting Cost 500 Research Cost 5,000 Effects Each and every enemy Normal Unit and Hero on both Planes must succeed a Resistance r"
SPELL_DEMON_LORD,Demon Lord,death,very rare,Summoning Spell,--,1000,0,15,6000,summon,"Demon Lord Realm Death Spell Properties Spell Rarity Very Rare Casting Cost 1,000 Upkeep Cost 15 per turn Research Cost 6,000 Unit Properties # of Figures 1 Moves 2 Melee Attack per figure 20 Ranged A"
SPELL_DRAIN_POWER,Drain Power,death,uncommon,Instant Spell,Enemy wizard,50,0,0,300,instant_damage,"Drain Power Realm Death Spell Rarity Uncommon Spell Type Instant Casting Cost 50 Research Cost 300 Effects The targeted rival wizard loses between 50 and 150 , or as much Mana as that wizard has left"
SPELL_ETERNAL_NIGHT,Eternal Night,death,very rare,Global Enchantment,--,1000,0,15,4000,global_enchant,"Eternal Night Realm Death Spell Rarity Very Rare Spell Type Global Enchantment Casting Cost 1,000 Upkeep Cost 15 Research Cost 4,000 Effects Every battle is automatically affected by an equivalent of"
SPELL_EVIL_OMENS,Evil Omens,death,very rare,Global Enchantment,--,1100,0,10,4500,global_enchant,"Evil Omens Realm Death Spell Rarity Very Rare Spell Type Global Enchantment Casting Cost 1,100 Upkeep Cost 10 Research Cost 4,500 Effects All Life and Nature spells' Casting Costs are increased by 50%"
SPELL_EVIL_PRESENCE,Evil Presence,death,rare,Town Curse,Enemy city,100,0,4,1040,flavour,"Buggy Feature As of Master of Magic v1.31 , Evil Presence is known to be malfunctioning in at least one way. Please read the Known Bugs section below."
SPELL_FAMINE,Famine,death,rare,Town Curse,Enemy city,200,0,5,1600,flavour,"Famine Realm Death Spell Rarity Rare Spell Type Town Curse Casting Cost 200 Upkeep Cost 5 Research Cost 1,600 Effects Target enemy Town 's Food output is reduced by about 50%, and Unrest is increased"
SPELL_GHOULS,Ghouls,death,common,Summoning Spell,--,80,0,1,130,summon,Ghouls Realm Death Spell Properties Spell Rarity Common Casting Cost 80 Upkeep Cost 1 per turn Research Cost 130 Unit Properties # of Figures 4 Moves 1 Melee Attack per figure 4 Defense per figure 3 R
SPELL_LIFE_DRAIN,Life Drain,death,common,Combat Instant,Enemy unit,0,10,0,160,instant_damage,"Life Drain Realm Death Spell Rarity Common Spell Type Combat Instant Casting Cost 10-50 Research Cost 160 Effects Target makes a Resistance roll, and suffers an amount of Damage based on how badly it"
SPELL_LYCANTHROPY,Lycanthropy,death,uncommon,Summoning Spell,Friendly normal unit,180,0,5,400,summon,Lycanthropy Realm Death Spell Rarity Uncommon Spell Type Summoning Spell / Instant Spell Casting Cost 180 Research Cost 400 Effects Target friendly Normal Unit is instantly and permanently transformed
SPELL_MANA_LEAK,Mana Leak,death,common,Combat Enchantment,--,0,20,0,220,unit_enchant,"Mana Leak Realm Death Spell Rarity Common Spell Type Combat Enchantment Combat Cost 20 Research Cost 220 Effects At the start of each turn, each and every enemy spellcasting unit loses 5 ."
SPELL_NIGHT_STALKER,Night Stalker,death,uncommon,Summoning Spell,--,250,0,5,560,summon,Night Stalker Realm Death Spell Properties Spell Rarity Uncommon Casting Cost 250 Upkeep Cost 1 per turn Research Cost 560 Unit Properties # of Figures 1 Moves 2 Melee Attack per figure 7 Defense per
SPELL_PESTILENCE,Pestilence,death,very rare,Town Curse,Enemy city,350,0,5,3500,flavour,"Pestilence Realm Death Spell Rarity Very Rare Spell Type Town Curse Casting Cost 350 Upkeep Cost 5 Research Cost 3,500 Effects Each turn, the game rolls a random number between 1 and 10."
SPELL_POSSESSION,Possession,death,uncommon,Unit Curse,Enemy unit,0,30,0,350,unit_enchant,"Possession Realm Death Spell Rarity Uncommon Spell Type Unit Curse Combat Cost 30 Research Cost 350 Effects If a target enemy Normal Unit or Hero fails a Resistance roll at -1 , control of this unit i"
SPELL_SHADOW_DEMONS,Shadow Demons,death,uncommon,Summoning Spell,--,325,0,7,800,summon,Shadow Demons Realm Death Spell Properties Spell Rarity Uncommon Casting Cost 325 Upkeep Cost 7 per turn Research Cost 800 Unit Properties # of Figures 4 Moves 1 Melee Attack per figure 5 Ranged Attac
SPELL_SKELETONS,Skeletons,death,common,Summoning Spell,--,25,0,1,20,summon,Skeletons Realm Death Spell Properties Spell Rarity Common Casting Cost 25 Upkeep Cost 1 per turn Research Cost 20 Unit Properties # of Figures 6 Moves 1 Melee Attack per figure 3 Defense per figure 4
SPELL_SUBVERSION,Subversion,death,uncommon,Instant Spell,Enemy wizard,100,0,0,620,instant_damage,Subversion Realm Death Spell Rarity Uncommon Spell Type Instant Spell Casting Cost 100 Research Cost 620 Effects Target wizard's Diplomatic Relations with all other wizards worsen by 25 points.
SPELL_TERROR,Terror,death,common,Combat Enchantment,--,0,20,0,190,unit_enchant,"Terror Realm Death Spell Rarity Common Spell Type Combat Enchantment Combat Cost 20 Research Cost 190 Effects At the start of each turn, each and every enemy unit must make a Resistance roll at a bonu"
SPELL_WALL_OF_DARKNESS,Wall of Darkness,death,uncommon,Town Enchantment,Friendly city,200,40,5,680,city_enchant,"Buggy Feature As of Master of Magic v1.31 , Wall of Darkness is known to be malfunctioning in at least one way. Please read the Known Bugs section below."
SPELL_WARP_NODE,Warp Node,death,rare,Instant Spell,Enemy node,75,0,0,1300,instant_damage,"Warp Node Realm Death Spell Rarity Rare Spell Type Instant Spell Casting Cost 75 Research Cost 1,300 Effects Target Node controlled by a rival wizard now produces -5 instead of the amount it was origi"
SPELL_WEAKNESS,Weakness,death,common,Unit Curse,Enemy unit,0,5,0,40,unit_enchant,"Weakness Realm Death Spell Rarity Common Spell Type Unit Curse Combat Cost 5 Research Cost 40 Effects If the target fails a Resistance roll at -2 , it receives the following penalties: -2 Melee Streng"
SPELL_WORD_OF_DEATH,Word of Death,death,very rare,Combat Instant,Enemy unit,0,40,0,2000,instant_damage,"Word of Death Realm Death Spell Rarity Very Rare Spell Type Combat Instant Casting Cost 40 Research Cost 2,000 Effects Each figure in the targeted unit must make a Resistance roll at a penalty of -5 ."
SPELL_WRACK,Wrack,death,rare,Combat Enchantment,--,0,40,0,960,unit_enchant,"Wrack Realm Death Spell Rarity Rare Spell Type Combat Enchantment Combat Cost 40 Research Cost 960 Effects Each turn, each and every figure in each enemy unit must make a Resistance roll at a bonus of"
SPELL_WRAITH_FORM,Wraith Form,death,rare,Unit Enchantment,Friendly unit,150,30,3,880,unit_enchant,"Wraith Form Realm Death Spell Rarity Rare Spell Type Unit Enchantment Casting Cost 150 Combat Cost 30 Upkeep Cost 3 Research Cost 880 Effects Target unit gains the Non-Corporeal ability, allowing it t"
SPELL_WRAITHS,Wraiths,death,rare,Summoning Spell,--,500,0,5,1120,summon,"Wraiths Realm Death Spell Properties Spell Rarity Rare Casting Cost 500 Upkeep Cost 5 per turn Research Cost 1,120 Unit Properties # of Figures 4 Moves 2 Melee Attack per figure 7 Defense per figure 6"
SPELL_ZOMBIE_MASTERY,Zombie Mastery,death,rare,Global Enchantment,--,800,0,40,1500,global_enchant,"Zombie Mastery Realm Death Spell Rarity Rare Spell Type Global Enchantment Casting Cost 800 Upkeep Cost 40 Research Cost 1,500 Effects At the end of every battle won by Zombie Mastery 's caster, any N"
