ident,file,subject,race,pose,gear,weapon,mount,colours,materials,description,confidence,error
AIRSHIP,SPRITE_AIRSHIP.tga,A flying ship,none,floating in the air,two striped balloons tied above the hull with ropes,none,none,"brown, red, yellow, blue, green","wood, fabric, rope","A wooden ship hull with no sails, lifted into the air by two striped balloons tied above it with ropes.",operator-2026-09-28,
AIR_ELEMENTAL,SPRITE_AIR_ELEMENTAL.tga,An elemental,elemental,"standing with its body twisted to the left, its right arm bent at the elbow and its left arm straight down",none,none,none,"light blue, white, dark blue",air,"An elemental stands with its body twisted to the left, its right arm bent at the elbow and its left arm straight down.",named-2026-09-27,
ALORRA,SPRITE_ALORRA.tga,A female warrior,human,"riding a horse, holding a weapon aloft in her right hand, with her left arm raised","a dark blue tunic, a purple cape, and dark boots",a curved blade,"a light brown horse with a dark mane and tail, wearing a bridle and saddle","dark blue, purple, light brown, dark brown, black","fabric, leather, metal","A female warrior rides a light brown horse, holding a curved blade aloft in her right hand, with her left arm raised.",named-2026-09-27,
APPRENTICE,SPRITE_APPRENTICE.tga,A young man,human,"standing, facing forward, holding a staff in his right hand","hooded robe, belt with pouches, boots",staff with a glowing blue orb,none,"dark grey, brown, light blue","cloth, leather, wood, glowing energy","A young man stands facing forward, holding a staff with a glowing blue orb in his right hand, wearing a dark grey hooded robe, a brown belt with pouches, and boots.",named-2026-09-27,
ARCHANGEL,SPRITE_ARCHANGEL.tga,An archangel,angel,flying forward with wings spread,"full plate armor, helmet, gauntlets, greaves, winged boots, loincloth, pauldrons, gorget",flaming sword,none,"blue, white, gold, brown, orange, silver","feathers, metal, cloth, fire","An archangel is flying forward with wings spread, wearing full plate armor, a helmet, gauntlets, greaves, winged boots, a loincloth, pauldrons, and a gorget, and wielding a flaming sword.",named-2026-09-27,
ARCH_MAGE,SPRITE_ARCH_MAGE.tga,An arch mage,human,"standing, facing forward, holding a staff in his right hand","black robe, red cape, gold shoulder pads, gold belt buckle with a red gem, gold trim on the cape, gold staff with a purple gem",staff,none,"black, red, gold, purple, white, brown","cloth, metal, gem","An arch mage stands facing forward, holding a staff in his right hand, wearing a black robe, red cape, gold shoulder pads, and a gold belt buckle with a red gem.",named-2026-09-27,
ARIEL,SPRITE_ARIEL.tga,Ariel,human,"standing with her right arm raised, holding a glowing orb, and her left arm holding a staff","a white tunic, gold and white armor, a blue cape, and brown boots",staff,none,"white, gold, blue, brown, black, red","cloth, metal, leather, magic","Ariel is standing with her right arm raised, holding a glowing orb, and her left arm holding a staff.",named-2026-09-27,
BEHEMOTH,SPRITE_BEHEMOTH.tga,A behemoth,behemoth,"standing on all fours, facing left with its head slightly turned towards the viewer",none,none,none,"dark green, black, white, beige","scales, bone","A behemoth is standing on all fours, facing left with its head slightly turned towards the viewer, with dark green and black scales and white and beige bone protrusions on its back and tail.",named-2026-09-27,
BONE_GOLEM,SPRITE_BONE_GOLEM.tga,A bone golem,golem,standing with arms slightly bent and hands open,none,none,none,"bone white, dark brown",bone,A bone golem is standing with arms slightly bent and hands open.,named-2026-09-27,
CARAVAN,SPRITE_CARAVAN.tga,A camel,animal,"standing, facing left","a saddle, a bridle, and many sacks and bundles strapped to its back",none,none,"brown, tan, gold, yellow, red, green, blue, purple","fur, leather, cloth","A camel stands facing left, wearing a saddle and bridle, with many sacks and bundles strapped to its back.",named-2026-09-27,
CATAPULT,SPRITE_CATAPULT.tga,A catapult,none,"ready to fire, with its arm raised and a projectile loaded",none,catapult mechanism with a projectile,four wooden wheels,"brown, tan, off-white","wood, rope, stone","A catapult is ready to fire, with its arm raised and a projectile loaded.",named-2026-09-27,
CENTAURS,SPRITE_CENTAURS.tga,A centaur,centaur,"rearing up on its hind legs, holding a spear aloft in its right hand",a dark brown leather harness around its midsection,a spear with a light-colored shaft and a dark tip,none,"brown, tan, dark brown, light brown, black","flesh, hair, leather, wood, metal","A centaur rears up on its hind legs, holding a spear aloft in its right hand.",named-2026-09-27,
CENTAUR_BOWMAN,SPRITE_CENTAUR_BOWMAN.tga,A centaur bowman,centaur,"standing, drawing a bow","armband, quiver, loincloth",bow,none,"brown, grey, black, tan","skin, hair, wood, leather, cloth","A centaur bowman is standing, drawing a bow, with an armband, quiver, and loincloth.",named-2026-09-27,
COCKATRICE,SPRITE_COCKATRICE.tga,A cockatrice,cockatrice,standing with its head turned to the left and its right wing extended,none,none,none,"green, brown, red, yellow","feathers, scales, flesh",A cockatrice is standing with its head turned to the left and its right wing extended.,named-2026-09-27,
CRUSADER,SPRITE_CRUSADER.tga,A crusader,human,"standing, facing forward, holding a sword in the right hand and a shield in the left hand","full plate armor, a red surcoat with a white cross, a red cape, a red belt, a shield",a longsword,none,"silver, red, white, gold, brown","metal, cloth, leather","A crusader stands facing forward, holding a longsword in the right hand and a shield in the left hand, wearing full plate armor, a red surcoat with a white cross, a red cape, and a red belt.",named-2026-09-27,
CRYSTAL_GOLEM,SPRITE_CRYSTAL_GOLEM.tga,A golem,golem,standing upright with arms at its sides,none,none,none,"light blue, dark blue, white",crystal,"A golem stands upright with arms at its sides, made entirely of light blue, dark blue, and white crystal.",named-2026-09-27,
DEATH_KNIGHT,SPRITE_DEATH_KNIGHT.tga,A knight,human,"seated on a horse, holding a sword in his right hand","full plate armor, red cape, gauntlets, boots, helmet",longsword,"white horse with black mane and tail, wearing a black bridle and saddle","black, red, silver, white","steel, cloth, leather, horse hair","A knight is seated on a white horse, holding a longsword in his right hand.",named-2026-09-27,
DEMON,SPRITE_DEMON.tga,demon,demon,flying with wings spread,none,none,none,"red, orange, yellow, black","flame, smoke","A demon is flying with its wings spread, composed of red, orange, and yellow flames with black smoke.",named-2026-09-27,
DJINN,SPRITE_DJINN.tga,A djinn,djinn,"standing with arms crossed over its chest, facing forward","a golden necklace, golden armbands, golden wristbands, and golden leg bands",none,none,"blue, gold","skin, gold","A blue genie standing with arms crossed, wearing gold armbands, a gold necklace, a gold belt, a blue loincloth, and a gold headpiece, with ethereal blue energy around its lower body.",named-2026-09-27,
DRACOLICH,SPRITE_DRACOLICH.tga,A dracolich,dracolich,crouching with wings spread,none,none,none,"bone white, dark green, black, light blue","bone, decaying flesh","A dracolich is crouching with its wings spread, revealing a skeletal body with a horned skull and glowing blue eyes.",named-2026-09-27,
DROW,SPRITE_DROW.tga,A drow,drow,"standing, facing right, holding a dagger in its right hand and a crossbow in its left hand","dark armor with shoulder pads, a dark cloak, and dark boots","dagger, crossbow",none,"dark grey, black, white, silver, purple","metal, cloth","A drow is standing, facing right, holding a dagger in its right hand and a crossbow in its left hand.",named-2026-09-27,
DRUID,SPRITE_DRUID.tga,A man,human,"standing, facing forward, holding a staff in his right hand, with a white wolf standing to his left","a sleeveless tunic, a belt, and boots",a staff with a silver spearhead,none,"brown, silver, white","leather, metal, fur","A man stands facing forward, holding a staff in his right hand, with a white wolf standing to his left.",named-2026-09-27,
DWARF_CROSSBOW,SPRITE_DWARF_CROSSBOW.tga,A dwarf,dwarf,"standing, holding a crossbow at the ready","horned helmet with a red plume, full plate armor, gauntlets, boots, belt with pouches, blue tunic",crossbow,none,"gold, red, blue, brown, silver","metal, leather, fabric","A dwarf stands, holding a crossbow at the ready, wearing a horned helmet with a red plume, full plate armor, gauntlets, boots, a belt with pouches, and a blue tunic.",named-2026-09-27,
DWARF_RUNESMITH,SPRITE_DWARF_RUNESMITH.tga,A dwarf runesmith,dwarf,crouching with one arm raised,"golden plate armor, green tunic, grey pants",glowing golden hammer-headed staff,none,"gold, green, grey, white, brown","metal, cloth","A dwarf runesmith is crouching with one arm raised, wearing golden plate armor, a green tunic, and grey pants, and holding a glowing golden hammer-headed staff.",named-2026-09-27,
DWARF_WARRIOR,SPRITE_DWARF_WARRIOR.tga,A warrior,dwarf,"standing, facing forward, holding an axe in both hands","horned helmet with a red plume, full golden plate armor with blue fabric underlays, brown leather gloves, brown boots",double-bladed axe with a wooden handle,none,"gold, red, blue, brown, silver","metal, fabric, leather, wood","A warrior stands, facing forward, holding an axe in both hands, wearing a horned helmet with a red plume, full golden plate armor with blue fabric underlays, brown leather gloves, and brown boots.",named-2026-09-27,
EFREET,SPRITE_EFREET.tga,An efreet,efreet,"standing with arms raised and bent at the elbows, with a swirling body",none,none,none,"red, orange, yellow, black",fire,"An efreet stands with arms raised and bent at the elbows, with a swirling body of red, orange, and yellow fire with black outlines.",named-2026-09-27,
ELVEN_ARCHERS,SPRITE_ELVEN_ARCHERS.tga,An archer,elf,"An archer is in a dynamic pose, drawing a bow with an arrow nocked.","The archer wears a green tunic with a hood, brown boots, and a brown belt with a gold buckle.",bow and arrow,none,"green, brown, gold, silver","cloth, leather, metal, wood","An archer is in a dynamic pose, drawing a bow with an arrow nocked.",named-2026-09-27,
FREYA,SPRITE_FREYA.tga,A female figure,elf,"standing, facing forward, holding a staff in her right hand","a green cloak, a grey tunic, brown and purple leggings, brown boots, and a golden pouch on her belt",a staff with a glowing green orb at the top,none,"green, grey, brown, purple, gold","cloth, leather, metal, wood, magic","A female figure stands facing forward, holding a staff in her right hand.",named-2026-09-27,
GALLEY,SPRITE_GALLEY.tga,A galley,none,sailing on water,"a single mast with a large sail, a small yellow flag",none,none,"brown, tan, yellow, blue","wood, cloth, water","A galley is sailing on water with a single mast, a large tan sail, and a small yellow flag.",named-2026-09-27,
GARGOYLE,SPRITE_GARGOYLE.tga,gargoyle,gargoyle,"standing, facing forward, with arms slightly bent at the elbows and hands open","horned helmet, full body armor with shoulder pads, gauntlets, leg armor, and a loincloth, large bat-like wings",none,none,"dark green, olive green, brown, gold, black","metal, leather, membrane","A gargoyle stands facing forward, with arms slightly bent at the elbows and hands open, wearing a horned helmet, full body armor with shoulder pads, gauntlets, leg armor, and a loincloth, and large bat-like wings.",named-2026-09-27,
GOBLIN,SPRITE_GOBLIN.tga,A goblin,goblin,"standing with a slight forward lean, holding a sword in its right hand","a brown leather tunic with a belt and a shoulder strap, and a leather bracer on its right forearm","a short, broadsword",none,"green, brown, red, silver","skin, leather, metal","A goblin is standing with a slight forward lean, holding a sword in its right hand.",named-2026-09-27,
GREAT_WYRM,SPRITE_GREAT_WYRM.tga,A great wyrm,dragon,coiled with its head raised and mouth open,none,none,none,"brown, orange, black, tan",scales,A great wyrm is coiled with its head raised and mouth open.,named-2026-09-27,
GRIFFIN,SPRITE_GRIFFIN.tga,A griffin,griffin,standing with wings spread,none,none,none,"brown, gold, tan","feathers, fur","A griffin stands with its wings spread, displaying brown and gold feathers and tan fur.",named-2026-09-27,
GUARDIAN_SPIRIT,SPRITE_GUARDIAN_SPIRIT.tga,A guardian spirit,spirit,kneeling with one arm extended and the other holding a staff,none,staff,none,"light blue, dark blue, white","ice, crystal","A guardian spirit is kneeling with one arm extended and the other holding a staff, composed of light blue, dark blue, and white ice and crystal.",named-2026-09-27,
HELL_HOUNDS,SPRITE_HELL_HOUNDS.tga,A hell hound,hell hound,"crouching with its head low and facing left, its body covered in flames",none,none,none,"red, orange, yellow, black","fire, fur","A hell hound is crouching with its head low and facing left, its body covered in flames.",named-2026-09-27,
HYDRA,SPRITE_HYDRA.tga,A hydra,mythological creature,coiled with multiple heads raised,none,none,none,"dark blue, light blue, green, yellow, brown, red, black",scales,A hydra is coiled with multiple heads raised.,named-2026-09-27,
INFERNAL_DEVICE,SPRITE_INFERNAL_DEVICE.tga,infernal device,none,stationary,"wagon, skull, bones, furnace",none,none,"black, brown, orange, red, white, grey","metal, bone, wood, fire","An infernal device is a black metal wagon with four spoked wheels, a skull with horns and other bones adorning its top, and a glowing orange and red furnace in its rear.",named-2026-09-27,
IRON_GOLEM,SPRITE_IRON_GOLEM.tga,An iron golem,golem,"standing with its left arm bent, holding a hammer, and its right arm bent at the elbow with an open hand","full body armor with spiked shoulders, chest plate, gauntlets, leg armor, and foot armor",hammer,none,"gold, brown, grey, black","iron, wood","An iron golem is standing with its left arm bent, holding a hammer, and its right arm bent at the elbow with an open hand.",named-2026-09-27,
JAFAR,SPRITE_JAFAR.tga,A human wizard,Human,"Standing, facing forward, holding a staff in the left hand and a curved blade in the right hand.","A blue and white robe with gold trim, a gold belt, a gold crown, and gold armbands.","Staff, curved blade",none,"Blue, white, gold, red, brown","Fabric, metal, stone","A human wizard stands facing forward, holding a staff in the left hand and a curved blade in the right hand, wearing a blue and white robe with gold trim, a gold belt, a gold crown, and gold armbands.",named-2026-09-27,
KNIGHTS,SPRITE_KNIGHTS.tga,A knight,human,"riding a horse, facing right, with a lance held upright in the left hand","full plate armor with blue and silver accents, a red plume on the helmet, a blue and red saddle blanket, and a white bird-like emblem on a pole attached to the back of the armor",lance,brown horse with a blue bridle and red reins,"blue, silver, red, white, brown","metal, fabric, leather, feathers","A knight is riding a horse, facing right, with a lance held upright in the left hand.",named-2026-09-27,
LAMP,SPRITE_LAMP.tga,A lamp,none,none,none,none,none,"gold, black, dark green, dark red","metal, gemstone","A lamp is depicted with a spout, a handle, a lid, and a base, adorned with intricate patterns and embedded gemstones.",named-2026-09-27,
LICH,SPRITE_LICH.tga,A lich,undead,"standing, facing forward, holding a staff in its right hand","a black hooded robe, a skeletal chest harness",a staff topped with a skull,none,"black, brown, bone white, green","cloth, bone, wood","A lich stands, facing forward, holding a staff in its right hand, wearing a black hooded robe and a skeletal chest harness.",named-2026-09-27,
MAGE,SPRITE_MAGE.tga,A mage,human,"standing with arms raised, holding a staff in the left hand","a green turban, a blue tunic with white trim, a brown belt with a pouch, blue pants, and brown boots",staff,none,"green, blue, white, brown","fabric, leather, wood","A mage stands with arms raised, holding a staff in the left hand, wearing a green turban, a blue tunic with white trim, a brown belt with a pouch, blue pants, and brown boots.",named-2026-09-27,
MALLEUS,SPRITE_MALLEUS.tga,A rider,human,"seated on a horse, holding a flaming hammer aloft in their right hand","a red hooded cloak, dark plate armor, dark riding boots, dark saddle, dark bridle",flaming hammer,black horse,"red, dark grey, black, orange, yellow, brown","cloth, metal, leather, wood, fire","A rider is seated on a horse, holding a flaming hammer aloft in their right hand.",named-2026-09-27,
MERFOLK,SPRITE_MERFOLK.tga,A merfolk,merfolk,"A merfolk is depicted from the waist up, holding a spear gun, with its tail submerged in water next to some green aquatic plants.","The merfolk wears a dark blue hood, goggles, and a light-colored tunic.",spear gun,none,"dark blue, light blue, white, brown, green, teal, orange, pink","cloth, metal, wood, scales, flesh","A merfolk is depicted from the waist up, holding a spear gun, with its tail submerged in water next to some green aquatic plants.",named-2026-09-27,
MINION,SPRITE_MINION.tga,A minion,undead,"walking forward with a hunched posture, holding a dagger in its right hand and a lantern in its left hand","a tattered purple hooded robe, a brown belt, and a lit lantern",a dagger with a gold hilt,none,"purple, brown, gold, silver, yellow, black","cloth, leather, metal, bone","A minion walks forward with a hunched posture, holding a dagger in its right hand and a lantern in its left hand.",named-2026-09-27,
MINOTAUR_WARRIOR,SPRITE_MINOTAUR_WARRIOR.tga,A minotaur warrior,minotaur,"standing, holding an axe overhead with both hands","a brown loincloth, black bracers",a two-handed axe with a silver head and a brown wooden shaft,none,"brown, black, silver","cloth, leather, wood, metal","A minotaur warrior is standing, holding an axe overhead with both hands, wearing a brown loincloth and black bracers.",named-2026-09-27,
OGRE,SPRITE_OGRE.tga,An ogre,ogre,"standing, facing forward, holding a mace in its right hand","a fur collar, a loincloth",a spiked mace,none,"light brown, dark brown, grey","skin, fur, cloth, metal","An ogre stands facing forward, holding a spiked mace in its right hand, wearing a fur collar and a loincloth.",named-2026-09-27,
ORC,SPRITE_ORC.tga,An orc,orc,"standing, facing forward, holding a sword in its right hand and a shield in its left hand","leather shoulder pads, chest armor, arm bracers, and leg wraps, with a brown loincloth",curved sword,none,"green, brown, silver","skin, leather, metal","An orc stands, facing forward, holding a curved sword in its right hand and a shield in its left hand, wearing leather shoulder pads, chest armor, arm bracers, and leg wraps, with a brown loincloth.",named-2026-09-27,
PALADINS,SPRITE_PALADINS.tga,A knight,human,"sitting upright on a horse, facing right","full plate armor, a helmet, a flowing cape, horse barding, a decorative plume on the horse's head",none,a horse,"gold, red, brown","metal, fabric, horse hair","A knight sits upright on a horse, facing right, wearing full plate armor, a helmet, a flowing cape, and horse barding, with a decorative plume on the horse's head.",named-2026-09-27,
PEASANTS,SPRITE_PEASANTS.tga,A man,human,"standing, facing right, with an axe resting on his right shoulder","a brown tunic, brown trousers, brown boots, a brown cap, and a yellow pouch on his belt",an axe,none,"brown, yellow, silver","cloth, leather, metal, wood","A man stands facing right, with an axe resting on his right shoulder, wearing a brown tunic, brown trousers, brown boots, a brown cap, and a yellow pouch on his belt.",named-2026-09-27,
PEGASUS,SPRITE_PEGASUS.tga,A pegasus,pegasus,rearing up on its hind legs with its front legs lifted,none,none,none,"blue, white, grey, brown","feathers, fur",A pegasus is rearing up on its hind legs with its front legs lifted.,named-2026-09-27,
PHANTOM_WARRIORS,SPRITE_PHANTOM_WARRIORS.tga,A phantom warrior,phantom,"standing, facing right, holding a sword in its left hand and a shield in its right hand","full plate armor, helmet, shield",sword,none,"blue, white, black","ice, metal","A phantom warrior stands, facing right, holding a sword in its left hand and a shield in its right hand, wearing full plate armor and a helmet.",named-2026-09-27,
PRIEST,SPRITE_PRIEST.tga,A priest,human,"standing, facing forward, holding a staff in both hands",a hooded robe with a dark sash,a staff,none,"white, brown, black","cloth, wood","A priest stands facing forward, holding a staff in both hands, wearing a hooded white robe with a dark sash.",named-2026-09-27,
RJAK,SPRITE_RJAK.tga,A cloaked figure,humanoid,"standing, facing forward, holding a staff in its right hand","a dark hooded cloak with gold trim, a purple tunic with gold trim, purple pants, and dark boots",a staff with a glowing orb and spikes at the top,none,"dark purple, gold, black, red, white, blue","cloth, metal, crystal","A cloaked figure stands facing forward, holding a staff in its right hand.",named-2026-09-27,
SALAMANDER,SPRITE_SALAMANDER.tga,A salamander,salamander,"crawling on all fours, facing left",none,none,none,"orange, yellow, red, black","fire, scales","A salamander is crawling on all fours, facing left, with its body covered in flames.",named-2026-09-27,
SERENA,SPRITE_SERENA.tga,A human male,human,"A human male rides a horse, holding a glowing green orb in his raised right hand.","He wears a red tunic, brown pants, and a brown cloak. The horse has a bridle and saddle.",glowing green orb,horse,"red, brown, green, white, gold","fabric, leather, horsehair, magic","A human male rides a horse, holding a glowing green orb in his raised right hand.",named-2026-09-27,
SETTLER,SPRITE_SETTLER.tga,A settler,human,"standing next to a laden donkey, looking forward","a green tunic, a yellow and green skirt, a brown belt, a brown headband, a pickaxe, a shovel, a red sack, a yellow sack, a brown sack, brown straps, a brown bridle, a white muzzle, brown hooves",none,a donkey,"green, yellow, brown, red, white","fabric, leather, metal, wood","A human standing next to a laden donkey, wearing a green tunic, yellow and green striped skirt, brown sandals, and a brown hair band, with the donkey carrying red and yellow sacks, a pickaxe, and a shovel.",named-2026-09-27,
SKELETONS,SPRITE_SKELETONS.tga,A skeleton,undead,"standing, facing forward, holding a sword in its right hand and a shield in its left hand","dark brown armor over its ribcage and shoulders, dark brown tattered skirt, dark brown shield",silver sword,none,"bone white, dark brown, silver","bone, metal, leather","A skeleton stands, facing forward, holding a silver sword in its right hand and a dark brown shield in its left hand, wearing dark brown armor over its ribcage and shoulders, and a dark brown tattered skirt.",named-2026-09-27,
SPEARMEN,SPRITE_SPEARMEN.tga,A spearmen,humanoid,"standing, facing left, holding a spear in the right hand and a shield in the left hand","full plate armor, helmet, gauntlets, greaves, shield",spear,none,"gold, brown, dark green","metal, leather","A spearmen stands, facing left, holding a spear in the right hand and a shield in the left hand, wearing full plate armor, helmet, gauntlets, and greaves.",named-2026-09-27,
STEAM_CANNON,SPRITE_STEAM_CANNON.tga,A steam cannon,none,angled to the right,none,a cannon,a wheeled carriage,"bronze, copper, dark grey","metal, wood","A steam cannon is angled to the right, with a bronze barrel, a copper boiler, and a dark grey wheeled carriage.",named-2026-09-27,
STORM_DRAKE,SPRITE_STORM_DRAKE.tga,A storm drake,dragon,crouching with wings spread,none,none,none,"blue, white, yellow, red","scales, membrane","A storm drake is crouching with its wings spread, displaying blue scales, white underbelly, yellow accents, and red eyes.",named-2026-09-27,
STORM_GIANT,SPRITE_STORM_GIANT.tga,A storm giant,giant,crouching with a weapon in one hand and lightning in the other,"a dark blue cape, a gold and dark blue arm guard on the left arm, a gold arm band on the right arm, a gold belt, and dark blue leg guards with gold accents",a gold mace,none,"brown, dark blue, gold, light blue","skin, fabric, metal, energy",A storm giant is crouching with a weapon in one hand and lightning in the other.,named-2026-09-27,
SWORDSMEN,SPRITE_SWORDSMEN.tga,A swordsman,human,"standing, facing forward, with a sword extended to the left and a shield held in the right hand","full plate armor, a red cape, a blue and yellow shield with a gold emblem, and a blue tunic under the armor",sword,none,"red, blue, yellow, gold, silver, brown","metal, cloth, leather","A swordsman stands facing forward, with a sword extended to the left and a shield held in the right hand, wearing full plate armor, a red cape, a blue and yellow shield with a gold emblem, and a blue tunic under the armor.",named-2026-09-27,
TAURON,SPRITE_TAURON.tga,A man,human,"standing, facing forward, holding a staff in his left hand and a ball of fire in his right hand","a black robe with gold trim, a red cape, and brown shoes",a staff with a red gem at the top,none,"black, gold, red, brown, orange","cloth, metal, gem, fire","A man stands facing forward, holding a staff in his left hand and a ball of fire in his right hand, wearing a black robe with gold trim, a red cape, and brown shoes.",named-2026-09-27,
TEMPLAR,SPRITE_TEMPLAR.tga,A templar,human,"standing, facing forward, holding a sword in the right hand","full plate armor with a red cross on the chest, a winged helmet, a brown belt, and a gold and brown tabard",longsword,none,"silver, gold, red, brown","metal, fabric, leather","A templar stands facing forward, holding a longsword in the right hand, wearing full plate armor with a red cross on the chest, a winged helmet, a brown belt, and a gold and brown tabard.",named-2026-09-27,
TREANT,SPRITE_TREANT.tga,A treant,treant,"standing, facing forward, holding a staff in its right hand",none,staff with a blue crystal,none,"brown, green, blue","wood, leaves, crystal","A treant is standing, facing forward, holding a staff in its right hand.",named-2026-09-27,
TROLL,SPRITE_TROLL.tga,A troll,troll,"standing with arms slightly bent and hands open, facing forward with a wide grin",a brown loincloth,none,none,"green, brown, black, pink","flesh, cloth","A troll stands with arms slightly bent and hands open, facing forward with a wide grin, wearing a brown loincloth.",named-2026-09-27,
UNDEAD_DRAGON,SPRITE_UNDEAD_DRAGON.tga,dragon,undead,"standing on all fours with its head raised and mouth open, wings partially spread",none,none,none,"brown, grey, off-white","bone, decaying flesh, tattered membrane","A dragon stands on all fours with its head raised and mouth open, wings partially spread.",named-2026-09-27,
UNICORN,SPRITE_UNICORN.tga,A unicorn,unicorn,"rearing up on its hind legs, with its front legs bent",none,none,none,"white, gold, brown","fur, horn","A unicorn is rearing up on its hind legs, with its front legs bent.",named-2026-09-27,
VAMPIRE,SPRITE_VAMPIRE.tga,A vampire,vampire,"standing with its right arm slightly raised and bent at the elbow, its left arm bent at the elbow and held close to its body","a wide-brimmed hat, a long flowing cape with a high collar, and a long robe",none,none,"black, red, white",fabric,"A vampire is standing with its right arm slightly raised and bent at the elbow, its left arm bent at the elbow and held close to its body, wearing a wide-brimmed hat, a long flowing cape with a high collar, and a long robe.",named-2026-09-27,
WARBEARS,SPRITE_WARBEARS.tga,A bear,bear,standing on its hind legs with its mouth open in a roar,none,none,none,"brown, tan, black, pink","fur, flesh",A bear is standing on its hind legs with its mouth open in a roar.,named-2026-09-27,
WARLOCK,SPRITE_WARLOCK.tga,A warlock,human,"standing, facing forward, holding a staff in their right hand","a dark hooded robe, a golden and silver horned helmet",a staff with a glowing crescent moon top,none,"dark grey, black, gold, silver, white","cloth, metal, glowing energy","A warlock stands facing forward, holding a staff in their right hand, wearing a dark hooded robe and a golden and silver horned helmet.",named-2026-09-27,
WARRAX,SPRITE_WARRAX.tga,A rider,humanoid,"riding a horse, facing right, with left arm raised and right arm holding reins","a helmet with a red plume, a blue cape with white lightning bolts, blue and gold armor, a saddle, and reins",none,a brown horse,"red, blue, gold, white, brown","metal, fabric, leather, horse hair","A rider is riding a horse, facing right, with left arm raised and right arm holding reins.",named-2026-09-27,
WARSHIP,SPRITE_WARSHIP.tga,A warship,none,sailing forward,"multiple masts, sails, rigging",none,none,"brown, red, white, blue","wood, canvas, rope, water","A warship is sailing forward with multiple masts, sails, and rigging.",named-2026-09-27,
WAR_MAGE,SPRITE_WAR_MAGE.tga,A war mage,human,"standing, facing forward, arms raised, holding a staff in the left hand and a hook in the right hand","a green pointed hat, a blue robe, a brown belt with a pouch, brown boots","staff, hook",none,"green, blue, brown, white, grey","fabric, leather, wood, metal","A war mage stands facing forward with arms raised, holding a staff in the left hand and a hook in the right hand, wearing a green pointed hat, a blue robe, a brown belt with a pouch, and brown boots.",named-2026-09-27,
WAR_MAMMOTH,SPRITE_WAR_MAMMOTH.tga,A warrior,humanoid,"seated on a mammoth, holding a spear","a helmet, shoulder armor, a chest plate, and a saddle with decorative elements",spear,mammoth,"brown, grey, gold, white, black","fur, metal, leather, bone","A warrior is seated on a mammoth, holding a spear.",named-2026-09-27,
WAR_TROLL,SPRITE_WAR_TROLL.tga,A war troll,troll,"standing, holding a hammer over its right shoulder","metal shoulder armor, armbands, a belt with a circular buckle, and a loincloth",a large hammer with a spiked head,none,"green, silver, brown, gold, black","skin, metal, leather, cloth","A war troll is standing, holding a large hammer with a spiked head over its right shoulder, wearing metal shoulder armor, armbands, a belt with a circular buckle, and a loincloth.",named-2026-09-27,
WRAITH,SPRITE_WRAITH.tga,A wraith,wraith,"standing, facing right, with its left arm extended forward and its right arm holding a staff","a dark blue hooded robe with silver trim and a golden belt, and a dark mask covering its face",a staff with a glowing blue orb at the top,none,"dark blue, silver, gold, black, light blue","fabric, metal, glowing energy","A wraith stands, facing right, with its left arm extended forward and its right arm holding a staff, wearing a dark blue hooded robe with silver trim and a golden belt, and a dark mask covering its face.",named-2026-09-27,
WYVERN,SPRITE_WYVERN.tga,wyvern,dragonkin,"standing on all fours, head and neck raised, wings partially spread",none,none,none,"green, yellow, brown","scales, membrane",A wyvern stands on all fours with its head and neck raised and its wings partially spread.,named-2026-09-27,
ZOMBIES,SPRITE_ZOMBIES.tga,A zombie,undead,"standing with both arms raised and bent at the elbow, hands open",a tattered loincloth,none,none,"green, brown, red","rotting flesh, tattered cloth","A humanoid zombie stands with arms raised, wearing a tattered brown loincloth, in dark green, light green, dark brown, light brown, black, and beige flesh and cloth.",named-2026-09-27,
MINOTAUR_CROSSBOW,SPRITE_MINOTAUR_CROSSBOW.tga,A minotaur,minotaur,"standing, facing forward, holding a bow drawn back with an arrow nocked","a dark brown and tan tunic, a brown and red belt, brown bracers, and brown leg wraps, with a quiver of arrows on its back",a wooden bow with a nocked arrow,none,"brown, tan, dark brown, red","wood, leather, cloth, feathers","A bull-headed minotaur standing, drawing a recurve bow, wearing a leather harness and a patterned loincloth, with a small shield on its back arm.",named-2026-09-27,
