id,block_text,SourceMod,IncludeInMoM,effects
WONDER_GAIAS_SHRINE,"WONDER_GAIAS_SHRINE {
   DefaultIcon ICON_WONDER_GAIAS_SHRINE
   Description DESCRIPTION_WONDER_GAIAS_SHRINE
   EnableAdvance ADVANCE_NATURE_ADEPT
   ProductionCost 2160
}",MoM,True,IncreaseFoodAllCities 2; NoPollutionUnhappiness
WONDER_PLEASURE_DOME,"WONDER_PLEASURE_DOME {
   DefaultIcon ICON_WONDER_PLEASURE_DOME
   Description DESCRIPTION_WONDER_PLEASURE_DOME
   EnableAdvance ADVANCE_SORCEROUS_LORE
   ProductionCost 3240
}",MoM,True,IncHappinessEmpire 2; TemporaryFullHappiness 10
WONDER_FONT_OF_BOUNTY,"WONDER_FONT_OF_BOUNTY {
   DefaultIcon ICON_WONDER_FONT_OF_BOUNTY
   Description DESCRIPTION_WONDER_FONT_OF_BOUNTY
   EnableAdvance ADVANCE_NATURE_LORE
   ProductionCost 2160
}",MoM,True,IncreaseFoodAllCities 3
WONDER_GREAT_LIBRARY,"WONDER_GREAT_LIBRARY {
   DefaultIcon ICON_WONDER_GREAT_LIBRARY
   Description DESCRIPTION_WONDER_GREAT_LIBRARY
   EnableAdvance ADVANCE_LITERACY
   ProductionCost 2160
}",MoM,True,IncKnowledgePercent 20; IncreaseScientists 2
WONDER_ORACLE,"WONDER_ORACLE {
   DefaultIcon ICON_WONDER_ORACLE
   Description DESCRIPTION_WONDER_ORACLE
   EnableAdvance ADVANCE_MYSTICISM
   ProductionCost 2160
}",MoM,True,IncHappinessEmpire 2; IncreaseCathedrals 1
WONDER_WALL_OF_BONE,"WONDER_WALL_OF_BONE {
   DefaultIcon ICON_WONDER_WALL_OF_BONE
   Description DESCRIPTION_WONDER_WALL_OF_BONE
   EnableAdvance ADVANCE_DEATH_ADEPT
   ProductionCost 2430
}",MoM,True,ProtectFromBarbarians; PreventConversion
WONDER_GUILD_OF_LEGENDS,"WONDER_GUILD_OF_LEGENDS {
   DefaultIcon ICON_WONDER_GUILD_OF_LEGENDS
   Description DESCRIPTION_WONDER_GUILD_OF_LEGENDS
   EnableAdvance ADVANCE_FEUDALISM
   ProductionCost 3240
}",MoM,True,IncreaseHp 10; ReduceReadinessCost 50
WONDER_RUNE_OF_RULERSHIP,"WONDER_RUNE_OF_RULERSHIP {
   DefaultIcon ICON_WONDER_RUNE_OF_RULERSHIP
   Description DESCRIPTION_WONDER_RUNE_OF_RULERSHIP
   EnableAdvance ADVANCE_RUNE_LORE
   ProductionCost 2160
}",MoM,True,DecEmpireSize 4; IncreaseRegard 25
WONDER_BARDIC_COLLEGE,"WONDER_BARDIC_COLLEGE {
   DefaultIcon ICON_WONDER_BARDIC_COLLEGE
   Description DESCRIPTION_WONDER_BARDIC_COLLEGE
   EnableAdvance ADVANCE_TRADE
   ProductionCost 2160
}",MoM,True,IncHappinessEmpire 1; IncreaseRegard 25
WONDER_THE_PARTHENON,"WONDER_THE_PARTHENON {
   DefaultIcon ICON_WONDER_THE_PARTHENON
   Description DESCRIPTION_WONDER_THE_PARTHENON
   EnableAdvance ADVANCE_THEOLOGY
   ProductionCost 2160
}",MoM,True,IncHappinessEmpire 3; IncreaseCathedrals 1
WONDER_MYSTIC_XS_TOWER,"WONDER_MYSTIC_XS_TOWER {
   DefaultIcon ICON_WONDER_MYSTIC_XS_TOWER
   Description DESCRIPTION_WONDER_MYSTIC_XS_TOWER
   EnableAdvance ADVANCE_ASTROLOGY
   ProductionCost 2160
}",MoM,True,RandomAdvanceChance 10; GlobalRadar
WONDER_GUNTHARS_VOYAGE,"WONDER_GUNTHARS_VOYAGE {
   DefaultIcon ICON_WONDER_GUNTHARS_VOYAGE
   Description DESCRIPTION_WONDER_GUNTHARS_VOYAGE
   EnableAdvance ADVANCE_NAVIGATION
   ProductionCost 2160
}",MoM,True,IncreaseBoatMovement 3; GoldPerWaterTradeRoute 10; AllBoatsDeepWater
WONDER_PROSPEROS_CONSERVATORY,"WONDER_PROSPEROS_CONSERVATORY {
   DefaultIcon ICON_WONDER_PROSPEROS_CONSERVATORY
   Description DESCRIPTION_WONDER_PROSPEROS_CONSERVATORY
   EnableAdvance ADVANCE_HEALING
   ProductionCost 2160
}",MoM,True,IncKnowledgePercent 15; IncreaseSpecialists 1
WONDER_ELIXIR_OF_METAMORPHOSIS,"WONDER_ELIXIR_OF_METAMORPHOSIS {
   DefaultIcon ICON_WONDER_ELIXIR_OF_METAMORPHOSIS
   Description DESCRIPTION_WONDER_ELIXIR_OF_METAMORPHOSIS
   EnableAdvance ADVANCE_METAMORPHOSIS
   ProductionCost 2160
}",MoM,True,IncreaseProduction 25; IncreaseHp 10
WONDER_ENCHANTED_GROTTO,"WONDER_ENCHANTED_GROTTO {
   DefaultIcon ICON_WONDER_ENCHANTED_GROTTO
   Description DESCRIPTION_WONDER_ENCHANTED_GROTTO
   EnableAdvance ADVANCE_LIFE_LORE
   ProductionCost 2160
}",MoM,True,IncreaseFoodAllCities 2; IncHappinessEmpire 2
WONDER_ELDRITCH_COLLEGE,"WONDER_ELDRITCH_COLLEGE {
   DefaultIcon ICON_WONDER_ELDRITCH_COLLEGE
   Description DESCRIPTION_WONDER_ELDRITCH_COLLEGE
   EnableAdvance ADVANCE_ELDRITCH_LORE
   ProductionCost 2160
}",MoM,True,IncKnowledgePercent 25; IncreaseScientists 2
WONDER_GNOME_TREASURY,"WONDER_GNOME_TREASURY {
   DefaultIcon ICON_WONDER_GNOME_TREASURY
   Description DESCRIPTION_WONDER_GNOME_TREASURY
   EnableAdvance ADVANCE_ECONOMICS
   ProductionCost 7200
}",MoM,True,BonusGold 250; IncreaseBrokerages 1; GoldPerInternationalTradeRoute 10
WONDER_REYWINDS_DISCOVERY,"WONDER_REYWINDS_DISCOVERY {
   DefaultIcon ICON_WONDER_REYWINDS_DISCOVERY
   Description DESCRIPTION_WONDER_REYWINDS_DISCOVERY
   EnableAdvance ADVANCE_GREATER_ENCHANTMENTS
   ProductionCost 2160
}",MoM,True,RandomAdvanceChance 15; IncKnowledgePercent 10
WONDER_MESMERS_TOWER,"WONDER_MESMERS_TOWER {
   DefaultIcon ICON_WONDER_MESMERS_TOWER
   Description DESCRIPTION_WONDER_MESMERS_TOWER
   EnableAdvance ADVANCE_LESSER_ENCHANMENTS
   ProductionCost 2160
}",MoM,True,SpiesEverywhere; EmbassiesEverywhere; DecCrimePercent 30
WONDER_FORGE_OF_CHAOS,"WONDER_FORGE_OF_CHAOS {
   DefaultIcon ICON_WONDER_FORGE_OF_CHAOS
   Description DESCRIPTION_WONDER_FORGE_OF_CHAOS
   EnableAdvance ADVANCE_CHAOS_WIZARD
   ProductionCost 3240
}",MoM,True,IncreaseProduction 30; DecreaseMaintenance 25
WONDER_ENTROPY_ENGINE,"WONDER_ENTROPY_ENGINE {
   DefaultIcon ICON_WONDER_ENTROPY_ENGINE
   Description DESCRIPTION_WONDER_ENTROPY_ENGINE
   EnableAdvance ADVANCE_GRAND_MASTERY
   ProductionCost 2160
}",MoM,True,DecCrimePercent 50; FreeSlaves; ProhibitSlavers
WONDER_LEAGUE_OF_WIZARDS,"WONDER_LEAGUE_OF_WIZARDS {
   DefaultIcon ICON_WONDER_LEAGUE_OF_WIZARDS
   Description DESCRIPTION_WONDER_LEAGUE_OF_WIZARDS
   EnableAdvance ADVANCE_SORCERY_WIZARD
   ProductionCost 3240
}",MoM,True,IncKnowledgePercent 30; RandomAdvanceChance 10; EmbassiesEverywhereEvenAtWar
WONDER_CELESTIAL_BEACON,"WONDER_CELESTIAL_BEACON {
   DefaultIcon ICON_WONDER_CELESTIAL_BEACON
   Description DESCRIPTION_WONDER_CELESTIAL_BEACON
   EnableAdvance ADVANCE_LIFE_WIZARD
   ProductionCost 3240
}",MoM,True,AllCitizensContent; IncHappinessEmpire 3
